{
    "quotes": {
      "USDAED": 3.673103,
      "USDAFN": 90.3548,
      "USDALL": 114.860672,
      "USDAMD": 409.430128,
      "USDANG": 1.801842,
      "USDAOA": 432.29295,
      "USDARS": 130.615458,
      "USDAUD": 1.437796,
      "USDAWG": 1.7975,
      "USDAZN": 1.69759,
      "USDBAM": 1.92649,
      "USDBBD": 2.018951,
      "USDBDT": 94.705373,
      "USDBGN": 1.931683,
      "USDBHD": 0.376986,
      "USDBIF": 2059.818957,
      "USDBMD": 1,
      "USDBND": 1.388335,
      "USDBOB": 6.883538,
      "USDBRL": 5.351703,
      "USDBSD": 0.999872,
      "USDBTC": 4.7037765e-05,
      "USDBTN": 79.690609,
      "USDBWP": 12.641076,
      "USDBYN": 2.523862,
      "USDBYR": 19600,
      "USDBZD": 2.015504,
      "USDCAD": 1.286865,
      "USDCDF": 2002.496899,
      "USDCHF": 0.96209,
      "USDCLF": 0.033519,
      "USDCLP": 924.902412,
      "USDCNY": 6.763303,
      "USDCOP": 4451.61,
      "USDCRC": 671.552259,
      "USDCUC": 1,
      "USDCUP": 26.5,
      "USDCVE": 108.610857,
      "USDCZK": 24.25885,
      "USDDJF": 177.719778,
      "USDDKK": 7.34257,
      "USDDOP": 54.3192,
      "USDDZD": 146.388243,
      "USDEGP": 18.959299,
      "USDERN": 15,
      "USDETB": 52.602858,
      "USDEUR": 0.986555,
      "USDFJD": 2.19835,
      "USDFKP": 0.842337,
      "USDGBP": 0.83004,
      "USDGEL": 2.939872,
      "USDGGP": 0.842337,
      "USDGHS": 8.274283,
      "USDGIP": 0.842337,
      "USDGMD": 54.089753,
      "USDGNF": 8656.757582,
      "USDGTQ": 7.734307,
      "USDGYD": 209.169252,
      "USDHKD": 7.84933,
      "USDHNL": 24.598367,
      "USDHRK": 7.412299,
      "USDHTG": 116.363815,
      "USDHUF": 395.569993,
      "USDIDR": 14987,
      "USDILS": 3.445855,
      "USDIMP": 0.842337,
      "USDINR": 79.841449,
      "USDIQD": 1459.407813,
      "USDIRR": 42350.000009,
      "USDISK": 137.229861,
      "USDJEP": 0.842337,
      "USDJMD": 152.846153,
      "USDJOD": 0.709016,
      "USDJPY": 136.858505,
      "USDKES": 118.603022,
      "USDKGS": 80.960402,
      "USDKHR": 4095.623652,
      "USDKMF": 464.625024,
      "USDKPW": 899.999992,
      "USDKRW": 1311.214994,
      "USDKWD": 0.30719,
      "USDKYD": 0.83321,
      "USDKZT": 480.009456,
      "USDLAK": 15059.297492,
      "USDLBP": 1511.892451,
      "USDLKR": 354.958088,
      "USDLRD": 152.498647,
      "USDLSL": 15.840061,
      "USDLTL": 2.95274,
      "USDLVL": 0.60489,
      "USDLYD": 4.880273,
      "USDMAD": 10.257577,
      "USDMDL": 19.298287,
      "USDMGA": 4212.227771,
      "USDMKD": 60.890705,
      "USDMMK": 1851.335953,
      "USDMNT": 3144.659992,
      "USDMOP": 8.083864,
      "USDMRO": 356.999828,
      "USDMUR": 44.703596,
      "USDMVR": 15.350403,
      "USDMWK": 1026.314234,
      "USDMXN": 20.45685,
      "USDMYR": 4.457496,
      "USDMZN": 63.829922,
      "USDNAD": 15.840271,
      "USDNGN": 415.250226,
      "USDNIO": 35.902209,
      "USDNOK": 9.875803,
      "USDNPR": 127.504112,
      "USDNZD": 1.601371,
      "USDOMR": 0.385017,
      "USDPAB": 0.999872,
      "USDPEN": 3.915793,
      "USDPGK": 3.523965,
      "USDPHP": 55.556497,
      "USDPKR": 232.854329,
      "USDPLN": 4.69931,
      "USDPYG": 6896.534741,
      "USDQAR": 3.640986,
      "USDRON": 4.8653,
      "USDRSD": 115.739955,
      "USDRUB": 60.125007,
      "USDRWF": 1033.032944,
      "USDSAR": 3.757297,
      "USDSBD": 8.159969,
      "USDSCR": 13.06379,
      "USDSDG": 456.498579,
      "USDSEK": 10.30491,
      "USDSGD": 1.38863,
      "USDSHP": 1.377401,
      "USDSLL": 13170.000006,
      "USDSOS": 584.468877,
      "USDSRD": 24.182499,
      "USDSTD": 20697.981008,
      "USDSVC": 8.748756,
      "USDSYP": 2512.529433,
      "USDSZL": 16.784768,
      "USDTHB": 36.703608,
      "USDTJS": 10.199068,
      "USDTMT": 3.51,
      "USDTND": 3.063499,
      "USDTOP": 2.341801,
      "USDTRY": 17.877799,
      "USDTTD": 6.786231,
      "USDTWD": 29.940699,
      "USDTZS": 2331.796968,
      "USDUAH": 36.796785,
      "USDUGX": 3844.646041,
      "USDUSD": 1.000268,
      "USDUYU": 41.811627,
      "USDUZS": 10959.201363,
      "USDVND": 23373,
      "USDVUV": 118.896025,
      "USDWST": 2.72097,
      "USDXAF": 646.123008,
      "USDXAG": 0.05349,
      "USDXAU": 0.000582,
      "USDXCD": 2.70255,
      "USDXDR": 0.75757,
      "USDXOF": 646.116644,
      "USDXPF": 113.149766,
      "USDYER": 250.249873,
      "USDZAR": 16.88167,
      "USDZMK": 9001.1894,
      "USDZMW": 16.798558,
      "USDZWL": 321.999592
    },
    "source": "USD",
    "success": true,
    "timestamp": 1658883797581
  }