{
  "quotes": {
    "USDAED": 3.673104,
    "USDAFN": 88.503991,
    "USDALL": 117.550403,
    "USDAMD": 404.820403,
    "USDANG": 1.803666,
    "USDAOA": 428.61875,
    "USDARS": 137.67548,
    "USDAUD": 1.447719,
    "USDAWG": 1.8,
    "USDAZN": 1.70397,
    "USDBAM": 1.954276,
    "USDBBD": 2.020694,
    "USDBDT": 95.083609,
    "USDBGN": 1.961846,
    "USDBHD": 0.3769,
    "USDBIF": 2048,
    "USDBMD": 1,
    "USDBND": 1.390594,
    "USDBOB": 6.93039,
    "USDBRL": 5.06403,
    "USDBSD": 1.000804,
    "USDBTC": 4.9462255e-05,
    "USDBTN": 79.8742,
    "USDBWP": 12.748765,
    "USDBYN": 2.526591,
    "USDBYR": 19600,
    "USDBZD": 2.017276,
    "USDCAD": 1.303604,
    "USDCDF": 2021.000362,
    "USDCHF": 0.966827,
    "USDCLF": 0.032369,
    "USDCLP": 893.150396,
    "USDCNY": 6.871804,
    "USDCOP": 4398.07,
    "USDCRC": 631.881336,
    "USDCUC": 1,
    "USDCUP": 26.5,
    "USDCVE": 111.103897,
    "USDCZK": 24.706104,
    "USDDJF": 177.720394,
    "USDDKK": 7.46504,
    "USDDOP": 53.150393,
    "USDDZD": 140.801766,
    "USDEGP": 19.190206,
    "USDERN": 15,
    "USDETB": 52.403876,
    "USDEUR": 1.00345,
    "USDFJD": 2.214904,
    "USDFKP": 0.823605,
    "USDGBP": 0.852289,
    "USDGEL": 2.82504,
    "USDGGP": 0.823605,
    "USDGHS": 9.97504,
    "USDGIP": 0.823605,
    "USDGMD": 54.303853,
    "USDGNF": 8725.000355,
    "USDGTQ": 7.743521,
    "USDGYD": 209.373548,
    "USDHKD": 7.846604,
    "USDHNL": 24.621426,
    "USDHRK": 7.538904,
    "USDHTG": 126.598354,
    "USDHUF": 413.030388,
    "USDIDR": 14852.6,
    "USDILS": 3.252265,
    "USDIMP": 0.823605,
    "USDINR": 79.959304,
    "USDIQD": 1460,
    "USDIRR": 42350.000352,
    "USDISK": 141.203816,
    "USDJEP": 0.823605,
    "USDJMD": 150.892041,
    "USDJOD": 0.70904,
    "USDJPY": 137.664504,
    "USDKES": 120.000351,
    "USDKGS": 80.683804,
    "USDKHR": 4110.000351,
    "USDKMF": 494.150384,
    "USDKPW": 900.00035,
    "USDKRW": 1342.180384,
    "USDKWD": 0.307804,
    "USDKYD": 0.834037,
    "USDKZT": 475.122278,
    "USDLAK": 15300.000349,
    "USDLBP": 1521.645304,
    "USDLKR": 355.264265,
    "USDLRD": 153.550382,
    "USDLSL": 16.870382,
    "USDLTL": 2.95274,
    "USDLVL": 0.60489,
    "USDLYD": 4.925039,
    "USDMAD": 10.581504,
    "USDMDL": 19.328434,
    "USDMGA": 4120.000347,
    "USDMKD": 61.566055,
    "USDMMK": 2101.626407,
    "USDMNT": 3194.961563,
    "USDMOP": 8.08837,
    "USDMRO": 356.999828,
    "USDMUR": 44.142291,
    "USDMVR": 15.350378,
    "USDMWK": 1019.000345,
    "USDMXN": 20.02585,
    "USDMYR": 4.467504,
    "USDMZN": 63.830377,
    "USDNAD": 16.870377,
    "USDNGN": 422.203727,
    "USDNIO": 35.967047,
    "USDNOK": 9.782215,
    "USDNPR": 127.7984,
    "USDNZD": 1.627619,
    "USDOMR": 0.384918,
    "USDPAB": 1.000804,
    "USDPEN": 3.828039,
    "USDPGK": 3.515039,
    "USDPHP": 56.179504,
    "USDPKR": 220.650375,
    "USDPLN": 4.752598,
    "USDPYG": 6870.637843,
    "USDQAR": 3.641038,
    "USDRON": 4.886804,
    "USDRSD": 117.715038,
    "USDRUB": 60.30369,
    "USDRWF": 1034,
    "USDSAR": 3.756911,
    "USDSBD": 8.244113,
    "USDSCR": 13.241684,
    "USDSDG": 578.503678,
    "USDSEK": 10.682875,
    "USDSGD": 1.39395,
    "USDSHP": 1.377404,
    "USDSLL": 14055.000339,
    "USDSOS": 570.503667,
    "USDSRD": 24.724504,
    "USDSTD": 20697.981008,
    "USDSVC": 8.756951,
    "USDSYP": 2512.53037,
    "USDSZL": 16.87037,
    "USDTHB": 36.205038,
    "USDTJS": 10.182905,
    "USDTMT": 3.5,
    "USDTND": 3.202504,
    "USDTOP": 2.34345,
    "USDTRY": 18.162904,
    "USDTTD": 6.796297,
    "USDTWD": 30.296504,
    "USDTZS": 2333.805038,
    "USDUAH": 36.960616,
    "USDUGX": 3807.934613,
    "USDUYU": 40.445846,
    "USDUZS": 10930.000335,
    "USDVND": 23417,
    "USDVUV": 116.056079,
    "USDWST": 2.66746,
    "USDXAF": 655.435928,
    "USDXAG": 0.052896,
    "USDXAU": 0.000575,
    "USDXCD": 2.70255,
    "USDXDR": 0.766591,
    "USDXOF": 655.503602,
    "USDXPF": 120.150364,
    "USDYER": 250.250364,
    "USDZAR": 16.88666,
    "USDZMK": 9001.203593,
    "USDZMW": 16.162389,
    "USDZWL": 321.999592,
    "USDUSD": 1
  },
  "source": "USD",
  "success": true,
  "timestamp": 1661556073012
}