{
  "quotes": {
    "USDAED": 3.673102,
    "USDAFN": 88.673585,
    "USDALL": 115.168415,
    "USDAMD": 405.959902,
    "USDANG": 1.803625,
    "USDAOA": 429.18845,
    "USDARS": 135.531008,
    "USDAUD": 1.442481,
    "USDAWG": 1.8,
    "USDAZN": 1.697214,
    "USDBAM": 1.923647,
    "USDBBD": 2.020595,
    "USDBDT": 95.103034,
    "USDBGN": 1.921495,
    "USDBHD": 0.376982,
    "USDBIF": 2063.261633,
    "USDBMD": 1,
    "USDBND": 1.382865,
    "USDBOB": 6.920126,
    "USDBRL": 5.166502,
    "USDBSD": 1.000757,
    "USDBTC": 4.2825134e-05,
    "USDBTN": 79.416318,
    "USDBWP": 12.588003,
    "USDBYN": 2.524957,
    "USDBYR": 19600,
    "USDBZD": 2.017153,
    "USDCAD": 1.291695,
    "USDCDF": 2001.000275,
    "USDCHF": 0.951405,
    "USDCLF": 0.03253,
    "USDCLP": 897.59884,
    "USDCNY": 6.781019,
    "USDCOP": 4344.55,
    "USDCRC": 664.729082,
    "USDCUC": 1,
    "USDCUP": 26.5,
    "USDCVE": 108.455421,
    "USDCZK": 24.1183,
    "USDDJF": 177.719667,
    "USDDKK": 7.308398,
    "USDDOP": 53.945492,
    "USDDZD": 142.055056,
    "USDEGP": 19.1275,
    "USDERN": 15,
    "USDETB": 52.748222,
    "USDEUR": 0.982615,
    "USDFJD": 2.196902,
    "USDFKP": 0.823605,
    "USDGBP": 0.83017,
    "USDGEL": 2.802905,
    "USDGGP": 0.823605,
    "USDGHS": 9.482485,
    "USDGIP": 0.823605,
    "USDGMD": 54.249726,
    "USDGNF": 8639.254046,
    "USDGTQ": 7.742272,
    "USDGYD": 209.485311,
    "USDHKD": 7.84255,
    "USDHNL": 24.620106,
    "USDHRK": 7.375996,
    "USDHTG": 128.595596,
    "USDHUF": 396.516999,
    "USDIDR": 14770.7,
    "USDILS": 3.250355,
    "USDIMP": 0.823605,
    "USDINR": 79.35795,
    "USDIQD": 1460.699356,
    "USDIRR": 42299.999857,
    "USDISK": 138.059848,
    "USDJEP": 0.823605,
    "USDJMD": 151.457122,
    "USDJOD": 0.708987,
    "USDJPY": 135.032961,
    "USDKES": 119.590165,
    "USDKGS": 80.981301,
    "USDKHR": 4103.055875,
    "USDKMF": 484.249464,
    "USDKPW": 900.00035,
    "USDKRW": 1315.209797,
    "USDKWD": 0.30698,
    "USDKYD": 0.833948,
    "USDKZT": 477.424178,
    "USDLAK": 15244.971229,
    "USDLBP": 1520.643621,
    "USDLKR": 360.267524,
    "USDLRD": 153.549454,
    "USDLSL": 16.379915,
    "USDLTL": 2.95274,
    "USDLVL": 0.60489,
    "USDLYD": 4.882319,
    "USDMAD": 10.434334,
    "USDMDL": 19.24926,
    "USDMGA": 4129.267357,
    "USDMKD": 60.539813,
    "USDMMK": 2101.559608,
    "USDMNT": 3194.961563,
    "USDMOP": 8.083411,
    "USDMRO": 356.999828,
    "USDMUR": 45.450079,
    "USDMVR": 15.349738,
    "USDMWK": 1027.167488,
    "USDMXN": 19.992399,
    "USDMYR": 4.467994,
    "USDMZN": 63.830085,
    "USDNAD": 16.379863,
    "USDNGN": 420.46027,
    "USDNIO": 35.966284,
    "USDNOK": 9.71058,
    "USDNPR": 127.056347,
    "USDNZD": 1.592877,
    "USDOMR": 0.385008,
    "USDPAB": 1.000757,
    "USDPEN": 3.843007,
    "USDPGK": 3.526895,
    "USDPHP": 56.039853,
    "USDPKR": 214.909465,
    "USDPLN": 4.619829,
    "USDPYG": 6881.079539,
    "USDQAR": 3.64099,
    "USDRON": 4.796202,
    "USDRSD": 115.349975,
    "USDRUB": 60.498124,
    "USDRWF": 1044.770981,
    "USDSAR": 3.754408,
    "USDSBD": 8.247536,
    "USDSCR": 13.181113,
    "USDSDG": 568.000167,
    "USDSEK": 10.394555,
    "USDSGD": 1.381897,
    "USDSHP": 1.3774,
    "USDSLL": 13934.999721,
    "USDSOS": 565.999889,
    "USDSRD": 24.174002,
    "USDSTD": 20697.981008,
    "USDSVC": 8.756504,
    "USDSYP": 2512.53037,
    "USDSZL": 16.596835,
    "USDTHB": 35.480168,
    "USDTJS": 10.233061,
    "USDTMT": 3.51,
    "USDTND": 3.141037,
    "USDTOP": 2.330298,
    "USDTRY": 17.948998,
    "USDTTD": 6.789216,
    "USDTWD": 29.956803,
    "USDTZS": 2330.999934,
    "USDUAH": 36.954022,
    "USDUGX": 3782.81353,
    "USDUYU": 40.134549,
    "USDUZS": 10953.933618,
    "USDVND": 23403.5,
    "USDVUV": 116.056079,
    "USDWST": 2.66746,
    "USDXAF": 645.163416,
    "USDXAG": 0.050468,
    "USDXAU": 0.000567,
    "USDXCD": 2.70255,
    "USDXDR": 0.760594,
    "USDXOF": 645.191972,
    "USDXPF": 117.604784,
    "USDYER": 250.249412,
    "USDZAR": 16.667296,
    "USDZMK": 9001.193911,
    "USDZMW": 16.126995,
    "USDZWL": 321.999592,
    "USDUSD": 1
  },
  "source": "USD",
  "success": true,
  "timestamp": 1660780010690
}