{
  "quotes": {
    "USDAED": 3.673035,
    "USDAFN": 88.646568,
    "USDALL": 115.478546,
    "USDAMD": 406.090088,
    "USDANG": 1.80199,
    "USDAOA": 428.48195,
    "USDARS": 134.476597,
    "USDAUD": 1.42791,
    "USDAWG": 1.8025,
    "USDAZN": 1.710825,
    "USDBAM": 1.929902,
    "USDBBD": 2.018778,
    "USDBDT": 95.008609,
    "USDBGN": 1.93094,
    "USDBHD": 0.377007,
    "USDBIF": 2061.168205,
    "USDBMD": 1,
    "USDBND": 1.379862,
    "USDBOB": 6.908879,
    "USDBRL": 5.119001,
    "USDBSD": 0.999867,
    "USDBTC": 4.1623922e-05,
    "USDBTN": 79.333955,
    "USDBWP": 12.545057,
    "USDBYN": 2.523201,
    "USDBYR": 19600,
    "USDBZD": 2.015324,
    "USDCAD": 1.288745,
    "USDCDF": 1999.999961,
    "USDCHF": 0.950295,
    "USDCLF": 0.031828,
    "USDCLP": 878.297176,
    "USDCNY": 6.787803,
    "USDCOP": 4162.1,
    "USDCRC": 666.929798,
    "USDCUC": 1,
    "USDCUP": 26.5,
    "USDCVE": 108.803229,
    "USDCZK": 24.198401,
    "USDDJF": 177.998589,
    "USDDKK": 7.335098,
    "USDDOP": 53.975835,
    "USDDZD": 142.521955,
    "USDEGP": 19.142496,
    "USDERN": 15,
    "USDETB": 52.691589,
    "USDEUR": 0.986355,
    "USDFJD": 2.18635,
    "USDFKP": 0.823605,
    "USDGBP": 0.83079,
    "USDGEL": 2.790438,
    "USDGGP": 0.823605,
    "USDGHS": 9.373467,
    "USDGIP": 0.823605,
    "USDGMD": 54.249792,
    "USDGNF": 8630.54858,
    "USDGTQ": 7.73873,
    "USDGYD": 209.29808,
    "USDHKD": 7.84245,
    "USDHNL": 24.597532,
    "USDHRK": 7.406101,
    "USDHTG": 127.479315,
    "USDHUF": 400.108994,
    "USDIDR": 14768.95,
    "USDILS": 3.270645,
    "USDIMP": 0.823605,
    "USDINR": 79.33675,
    "USDIQD": 1459.279981,
    "USDIRR": 42300.000237,
    "USDISK": 138.40993,
    "USDJEP": 0.823605,
    "USDJMD": 151.544993,
    "USDJOD": 0.709802,
    "USDJPY": 134.425497,
    "USDKES": 119.489947,
    "USDKGS": 81.208598,
    "USDKHR": 4089.359456,
    "USDKMF": 484.650175,
    "USDKPW": 900.00035,
    "USDKRW": 1311.849592,
    "USDKWD": 0.30695,
    "USDKYD": 0.833206,
    "USDKZT": 476.365269,
    "USDLAK": 15231.262644,
    "USDLBP": 1511.986462,
    "USDLKR": 365.190663,
    "USDLRD": 153.500639,
    "USDLSL": 16.450402,
    "USDLTL": 2.95274,
    "USDLVL": 0.60489,
    "USDLYD": 4.861881,
    "USDMAD": 10.472502,
    "USDMDL": 19.19689,
    "USDMGA": 4125.533458,
    "USDMKD": 60.797577,
    "USDMMK": 2099.658291,
    "USDMNT": 3194.961563,
    "USDMOP": 8.076972,
    "USDMRO": 356.999828,
    "USDMUR": 45.349348,
    "USDMVR": 15.360277,
    "USDMWK": 1026.238486,
    "USDMXN": 19.881102,
    "USDMYR": 4.466025,
    "USDMZN": 63.830442,
    "USDNAD": 16.450019,
    "USDNGN": 419.390215,
    "USDNIO": 35.898701,
    "USDNOK": 9.712905,
    "USDNPR": 126.93562,
    "USDNZD": 1.58147,
    "USDOMR": 0.385003,
    "USDPAB": 0.999867,
    "USDPEN": 3.858166,
    "USDPGK": 3.522969,
    "USDPHP": 55.886502,
    "USDPKR": 213.715236,
    "USDPLN": 4.63595,
    "USDPYG": 6878.388846,
    "USDQAR": 3.641005,
    "USDRON": 4.815297,
    "USDRSD": 115.755021,
    "USDRUB": 61.503503,
    "USDRWF": 1043.826195,
    "USDSAR": 3.754032,
    "USDSBD": 8.24074,
    "USDSCR": 12.894502,
    "USDSDG": 569.498182,
    "USDSEK": 10.388695,
    "USDSGD": 1.37988,
    "USDSHP": 1.3774,
    "USDSLL": 13985.000279,
    "USDSOS": 569.999882,
    "USDSRD": 24.204499,
    "USDSTD": 20697.981008,
    "USDSVC": 8.748464,
    "USDSYP": 2512.53037,
    "USDSZL": 16.436081,
    "USDTHB": 35.462014,
    "USDTJS": 10.213282,
    "USDTMT": 3.5005,
    "USDTND": 3.150496,
    "USDTOP": 2.328699,
    "USDTRY": 17.965805,
    "USDTTD": 6.792542,
    "USDTWD": 29.993495,
    "USDTZS": 2332.00012,
    "USDUAH": 36.926098,
    "USDUGX": 3779.423446,
    "USDUYU": 40.13834,
    "USDUZS": 10968.113711,
    "USDVND": 23408,
    "USDVUV": 116.056079,
    "USDWST": 2.66746,
    "USDXAF": 647.261048,
    "USDXAG": 0.049944,
    "USDXAU": 0.000563,
    "USDXCD": 2.70255,
    "USDXDR": 0.757227,
    "USDXOF": 647.261048,
    "USDXPF": 117.950409,
    "USDYER": 250.250221,
    "USDZAR": 16.434803,
    "USDZMK": 9001.198325,
    "USDZMW": 16.109864,
    "USDZWL": 321.999592,
    "USDUSD": 1
  },
  "source": "USD",
  "success": true,
  "timestamp": 1660653500655
}