{
  "quotes": {
    "USDAED": 3.67301,
    "USDAFN": 88.961891,
    "USDALL": 119.942637,
    "USDAMD": 404.717586,
    "USDANG": 1.814188,
    "USDAOA": 488.02985,
    "USDARS": 157.597442,
    "USDAUD": 1.58739,
    "USDAWG": 1.8,
    "USDAZN": 1.702233,
    "USDBAM": 1.98932,
    "USDBBD": 2.032607,
    "USDBDT": 102.635455,
    "USDBGN": 2.00166,
    "USDBHD": 0.376892,
    "USDBIF": 2081.924696,
    "USDBMD": 1,
    "USDBND": 1.420842,
    "USDBOB": 6.956584,
    "USDBRL": 5.143799,
    "USDBSD": 1.006692,
    "USDBTC": 4.9252042e-05,
    "USDBTN": 83.266913,
    "USDBWP": 13.458366,
    "USDBYN": 2.542501,
    "USDBYR": 19600,
    "USDBZD": 2.029149,
    "USDCAD": 1.375885,
    "USDCDF": 2044.000035,
    "USDCHF": 1.011598,
    "USDCLF": 0.034237,
    "USDCLP": 944.69652,
    "USDCNY": 7.3184,
    "USDCOP": 5003.03,
    "USDCRC": 619.800248,
    "USDCUC": 1,
    "USDCUP": 26.5,
    "USDCVE": 112.15709,
    "USDCZK": 25.14099,
    "USDDJF": 179.217266,
    "USDDKK": 7.627304,
    "USDDOP": 54.421188,
    "USDDZD": 140.508963,
    "USDEGP": 24.197899,
    "USDERN": 15,
    "USDETB": 53.72704,
    "USDEUR": 1.024825,
    "USDFJD": 2.296802,
    "USDFKP": 0.882525,
    "USDGBP": 0.887905,
    "USDGEL": 2.745026,
    "USDGGP": 0.882525,
    "USDGHS": 13.792683,
    "USDGIP": 0.882525,
    "USDGMD": 58.597584,
    "USDGNF": 8675.386227,
    "USDGTQ": 7.872916,
    "USDGYD": 210.635528,
    "USDHKD": 7.84985,
    "USDHNL": 24.88558,
    "USDHRK": 7.725298,
    "USDHTG": 131.370395,
    "USDHUF": 419.737985,
    "USDIDR": 15742.95,
    "USDILS": 3.568435,
    "USDIMP": 0.882525,
    "USDINR": 82.90096,
    "USDIQD": 1469.254084,
    "USDIRR": 42300.000184,
    "USDISK": 147.459919,
    "USDJEP": 0.882525,
    "USDJMD": 154.398812,
    "USDJOD": 0.709748,
    "USDJPY": 148.220497,
    "USDKES": 121.499642,
    "USDKGS": 83.512299,
    "USDKHR": 4168.649946,
    "USDKMF": 499.224995,
    "USDKPW": 899.999862,
    "USDKRW": 1426.609926,
    "USDKWD": 0.31051,
    "USDKYD": 0.838881,
    "USDKZT": 464.229776,
    "USDLAK": 17432.848876,
    "USDLBP": 1516.278596,
    "USDLKR": 369.444993,
    "USDLRD": 153.69797,
    "USDLSL": 18.22497,
    "USDLTL": 2.95274,
    "USDLVL": 0.60489,
    "USDLYD": 5.031936,
    "USDMAD": 11.013523,
    "USDMDL": 19.403494,
    "USDMGA": 4308.601418,
    "USDMKD": 62.669094,
    "USDMMK": 2114.01131,
    "USDMNT": 3359.775161,
    "USDMOP": 8.139277,
    "USDMRO": 356.999828,
    "USDMUR": 45.000513,
    "USDMVR": 15.404978,
    "USDMWK": 1033.93135,
    "USDMXN": 19.6743,
    "USDMYR": 4.744303,
    "USDMZN": 63.829988,
    "USDNAD": 18.22499,
    "USDNGN": 438.869992,
    "USDNIO": 36.235024,
    "USDNOK": 10.569855,
    "USDNPR": 133.215354,
    "USDNZD": 1.733115,
    "USDOMR": 0.384512,
    "USDPAB": 1.006759,
    "USDPEN": 4.012836,
    "USDPGK": 3.547085,
    "USDPHP": 58.941039,
    "USDPKR": 222.726145,
    "USDPLN": 4.828198,
    "USDPYG": 7294.501739,
    "USDQAR": 3.641004,
    "USDRON": 5.022515,
    "USDRSD": 120.089859,
    "USDRUB": 62.125005,
    "USDRWF": 1074.894483,
    "USDSAR": 3.758067,
    "USDSBD": 8.230592,
    "USDSCR": 12.785645,
    "USDSDG": 568.486468,
    "USDSEK": 11.20719,
    "USDSGD": 1.421198,
    "USDSHP": 1.377398,
    "USDSLL": 17470.000037,
    "USDSOS": 569.499839,
    "USDSRD": 29.322498,
    "USDSTD": 20697.981008,
    "USDSVC": 8.808812,
    "USDSYP": 2512.530034,
    "USDSZL": 18.243933,
    "USDTHB": 37.990163,
    "USDTJS": 10.143269,
    "USDTMT": 3.51,
    "USDTND": 3.236502,
    "USDTOP": 2.416501,
    "USDTRY": 18.62055,
    "USDTTD": 6.830109,
    "USDTWD": 32.2705,
    "USDTZS": 2332.000283,
    "USDUAH": 37.163882,
    "USDUGX": 3800.514683,
    "USDUYU": 40.900607,
    "USDUZS": 11182.146417,
    "USDVND": 24865,
    "USDVUV": 125.149891,
    "USDWST": 2.844937,
    "USDXAF": 667.131452,
    "USDXAG": 0.052531,
    "USDXAU": 0.000617,
    "USDXCD": 2.70255,
    "USDXDR": 0.783047,
    "USDXOF": 667.151807,
    "USDXPF": 121.49568,
    "USDYER": 250.250047,
    "USDZAR": 18.40363,
    "USDZMK": 9001.202791,
    "USDZMW": 16.328187,
    "USDZWL": 321.999592,
    "USDUSD": 1
  },
  "source": "USD",
  "success": true,
  "timestamp": 1667468880269
}