{
  "quotes": {
    "USDAED": 3.673104,
    "USDAFN": 90.980508,
    "USDALL": 114.793539,
    "USDAMD": 408.395935,
    "USDANG": 1.811558,
    "USDAOA": 430.204041,
    "USDARS": 133.335199,
    "USDAUD": 1.447178,
    "USDAWG": 1.8025,
    "USDAZN": 1.70397,
    "USDBAM": 1.920587,
    "USDBBD": 2.029558,
    "USDBDT": 95.16404,
    "USDBGN": 1.924387,
    "USDBHD": 0.378946,
    "USDBIF": 2071.517651,
    "USDBMD": 1,
    "USDBND": 1.382923,
    "USDBOB": 6.910492,
    "USDBRL": 5.164263,
    "USDBSD": 1.005155,
    "USDBTC": 4.3219969e-05,
    "USDBTN": 79.547994,
    "USDBWP": 12.627682,
    "USDBYN": 2.537143,
    "USDBYR": 19600,
    "USDBZD": 2.026121,
    "USDCAD": 1.29308,
    "USDCDF": 2000.000362,
    "USDCHF": 0.961607,
    "USDCLF": 0.032873,
    "USDCLP": 907.061128,
    "USDCNY": 6.762204,
    "USDCOP": 4317.179752,
    "USDCRC": 671.488192,
    "USDCUC": 1,
    "USDCUP": 26.5,
    "USDCVE": 108.278097,
    "USDCZK": 24.07575,
    "USDDJF": 178.946335,
    "USDDKK": 7.308335,
    "USDDOP": 54.686503,
    "USDDZD": 144.528895,
    "USDEGP": 19.109344,
    "USDERN": 15,
    "USDETB": 52.925713,
    "USDEUR": 0.982295,
    "USDFJD": 2.200804,
    "USDFKP": 0.842337,
    "USDGBP": 0.828329,
    "USDGEL": 2.710391,
    "USDGGP": 0.842337,
    "USDGHS": 8.719792,
    "USDGIP": 0.842337,
    "USDGMD": 54.203853,
    "USDGNF": 8692.198164,
    "USDGTQ": 7.77493,
    "USDGYD": 210.291157,
    "USDHKD": 7.85015,
    "USDHNL": 24.732165,
    "USDHRK": 7.378204,
    "USDHTG": 122.630726,
    "USDHUF": 386.635504,
    "USDIDR": 14946,
    "USDILS": 3.346625,
    "USDIMP": 0.842337,
    "USDINR": 79.365504,
    "USDIQD": 1467.059459,
    "USDIRR": 42350.000352,
    "USDISK": 137.010386,
    "USDJEP": 0.842337,
    "USDJMD": 153.288162,
    "USDJOD": 0.70904,
    "USDJPY": 134.990385,
    "USDKES": 119.715226,
    "USDKGS": 82.995704,
    "USDKHR": 4124.220553,
    "USDKMF": 484.150384,
    "USDKPW": 899.999992,
    "USDKRW": 1303.740384,
    "USDKWD": 0.30673,
    "USDKYD": 0.837629,
    "USDKZT": 478.921785,
    "USDLAK": 15289.046006,
    "USDLBP": 1520.007856,
    "USDLKR": 361.859675,
    "USDLRD": 153.550382,
    "USDLSL": 16.803772,
    "USDLTL": 2.95274,
    "USDLVL": 0.60489,
    "USDLYD": 4.900574,
    "USDMAD": 10.3597,
    "USDMDL": 19.369568,
    "USDMGA": 4232.248245,
    "USDMKD": 60.504738,
    "USDMMK": 1861.063485,
    "USDMNT": 3144.659992,
    "USDMOP": 8.127166,
    "USDMRO": 356.999828,
    "USDMUR": 45.995974,
    "USDMVR": 15.350378,
    "USDMWK": 1031.707173,
    "USDMXN": 20.433045,
    "USDMYR": 4.456039,
    "USDMZN": 63.830377,
    "USDNAD": 16.803729,
    "USDNGN": 417.570377,
    "USDNIO": 36.090735,
    "USDNOK": 9.805915,
    "USDNPR": 127.276477,
    "USDNZD": 1.605523,
    "USDOMR": 0.38501,
    "USDPAB": 1.005155,
    "USDPEN": 3.913389,
    "USDPGK": 3.541808,
    "USDPHP": 55.551039,
    "USDPKR": 224.780085,
    "USDPLN": 4.625423,
    "USDPYG": 6890.656454,
    "USDQAR": 3.641038,
    "USDRON": 4.836204,
    "USDRSD": 115.114646,
    "USDRUB": 60.525038,
    "USDRWF": 1033.515,
    "USDSAR": 3.757674,
    "USDSBD": 8.250876,
    "USDSCR": 12.869347,
    "USDSDG": 570.00034,
    "USDSEK": 10.23048,
    "USDSGD": 1.381804,
    "USDSHP": 1.377404,
    "USDSLL": 13900.000339,
    "USDSOS": 581.503667,
    "USDSRD": 25.152504,
    "USDSTD": 20697.981008,
    "USDSVC": 8.795601,
    "USDSYP": 2512.529433,
    "USDSZL": 16.729513,
    "USDTHB": 35.752038,
    "USDTJS": 10.28281,
    "USDTMT": 3.51,
    "USDTND": 3.154038,
    "USDTOP": 2.334104,
    "USDTRY": 17.912604,
    "USDTTD": 6.825748,
    "USDTWD": 29.958804,
    "USDTZS": 2344.046742,
    "USDUAH": 37.122895,
    "USDUGX": 3900.034369,
    "USDUYU": 41.136152,
    "USDUZS": 10976.294987,
    "USDVND": 23390,
    "USDVUV": 118.896025,
    "USDWST": 2.72097,
    "USDXAF": 644.137084,
    "USDXAG": 0.050278,
    "USDXAU": 0.000563,
    "USDXCD": 2.70255,
    "USDXDR": 0.76133,
    "USDXOF": 644.137084,
    "USDXPF": 117.625037,
    "USDYER": 250.250364,
    "USDZAR": 16.780525,
    "USDZMK": 9001.203593,
    "USDZMW": 16.195709,
    "USDZWL": 321.999592
  },
  "source": "USD",
  "success": true,
  "timestamp": 1659880424830
}