{
  "quotes": {
    "USDAED": 3.673098,
    "USDAFN": 89.000193,
    "USDALL": 115.050292,
    "USDAMD": 406.090279,
    "USDANG": 1.80199,
    "USDAOA": 428.992801,
    "USDARS": 135.280902,
    "USDAUD": 1.42437,
    "USDAWG": 1.8,
    "USDAZN": 1.704229,
    "USDBAM": 1.929902,
    "USDBBD": 2.018778,
    "USDBDT": 95.008609,
    "USDBGN": 1.92284,
    "USDBHD": 0.377026,
    "USDBIF": 2047,
    "USDBMD": 1,
    "USDBND": 1.379862,
    "USDBOB": 6.908879,
    "USDBRL": 5.145603,
    "USDBSD": 0.999867,
    "USDBTC": 4.1609081e-05,
    "USDBTN": 79.333955,
    "USDBWP": 12.545057,
    "USDBYN": 2.523201,
    "USDBYR": 19600,
    "USDBZD": 2.015324,
    "USDCAD": 1.283945,
    "USDCDF": 2001.000406,
    "USDCHF": 0.94951,
    "USDCLF": 0.031946,
    "USDCLP": 881.501804,
    "USDCNY": 6.788399,
    "USDCOP": 4239.33,
    "USDCRC": 666.929798,
    "USDCUC": 1,
    "USDCUP": 26.5,
    "USDCVE": 108.650081,
    "USDCZK": 24.132398,
    "USDDJF": 177.720511,
    "USDDKK": 7.313449,
    "USDDOP": 53.949892,
    "USDDZD": 142.310972,
    "USDEGP": 19.148104,
    "USDERN": 15,
    "USDETB": 52.298055,
    "USDEUR": 0.983265,
    "USDFJD": 2.18395,
    "USDFKP": 0.823605,
    "USDGBP": 0.826345,
    "USDGEL": 2.7977,
    "USDGGP": 0.823605,
    "USDGHS": 9.249723,
    "USDGIP": 0.823605,
    "USDGMD": 54.25029,
    "USDGNF": 8724.999737,
    "USDGTQ": 7.73873,
    "USDGYD": 209.29808,
    "USDHKD": 7.840255,
    "USDHNL": 24.569756,
    "USDHRK": 7.381699,
    "USDHTG": 127.479315,
    "USDHUF": 397.324973,
    "USDIDR": 14749.6,
    "USDILS": 3.26299,
    "USDIMP": 0.823605,
    "USDINR": 79.14625,
    "USDIQD": 1460,
    "USDIRR": 42299.999587,
    "USDISK": 137.950218,
    "USDJEP": 0.823605,
    "USDJMD": 151.544993,
    "USDJOD": 0.708976,
    "USDJPY": 134.352503,
    "USDKES": 119.550308,
    "USDKGS": 81.208595,
    "USDKHR": 4110.000314,
    "USDKMF": 484.250315,
    "USDKPW": 900.00035,
    "USDKRW": 1309.510227,
    "USDKWD": 0.30686,
    "USDKYD": 0.833206,
    "USDKZT": 476.365269,
    "USDLAK": 15250.000276,
    "USDLBP": 1520.916286,
    "USDLKR": 365.190663,
    "USDLRD": 153.549568,
    "USDLSL": 16.380621,
    "USDLTL": 2.95274,
    "USDLVL": 0.60489,
    "USDLYD": 4.875011,
    "USDMAD": 10.426501,
    "USDMDL": 19.19689,
    "USDMGA": 4115.000269,
    "USDMKD": 60.586543,
    "USDMMK": 2099.658291,
    "USDMNT": 3194.961563,
    "USDMOP": 8.076972,
    "USDMRO": 356.999828,
    "USDMUR": 45.353302,
    "USDMVR": 15.350509,
    "USDMWK": 1022.999703,
    "USDMXN": 19.899915,
    "USDMYR": 4.466001,
    "USDMZN": 63.829936,
    "USDNAD": 16.380478,
    "USDNGN": 419.390538,
    "USDNIO": 35.903082,
    "USDNOK": 9.66663,
    "USDNPR": 126.93562,
    "USDNZD": 1.576375,
    "USDOMR": 0.385002,
    "USDPAB": 0.999867,
    "USDPEN": 3.8675,
    "USDPGK": 3.509893,
    "USDPHP": 55.810462,
    "USDPKR": 213.74981,
    "USDPLN": 4.5904,
    "USDPYG": 6878.388846,
    "USDQAR": 3.640987,
    "USDRON": 4.796501,
    "USDRSD": 115.280315,
    "USDRUB": 61.494858,
    "USDRWF": 1029,
    "USDSAR": 3.754288,
    "USDSBD": 8.247536,
    "USDSCR": 13.170355,
    "USDSDG": 567.999953,
    "USDSEK": 10.337976,
    "USDSGD": 1.378625,
    "USDSHP": 1.377401,
    "USDSLL": 13935.000056,
    "USDSOS": 565.999948,
    "USDSRD": 24.174008,
    "USDSTD": 20697.981008,
    "USDSVC": 8.748464,
    "USDSYP": 2512.53037,
    "USDSZL": 16.379941,
    "USDTHB": 35.370179,
    "USDTJS": 10.213282,
    "USDTMT": 3.51,
    "USDTND": 3.140973,
    "USDTOP": 2.328698,
    "USDTRY": 17.936976,
    "USDTTD": 6.792542,
    "USDTWD": 29.988204,
    "USDTZS": 2331.999811,
    "USDUAH": 36.926098,
    "USDUGX": 3779.423446,
    "USDUYU": 40.13834,
    "USDUZS": 10974.999994,
    "USDVND": 23408,
    "USDVUV": 116.056079,
    "USDWST": 2.66746,
    "USDXAF": 647.261048,
    "USDXAG": 0.049667,
    "USDXAU": 0.000563,
    "USDXCD": 2.70255,
    "USDXDR": 0.757227,
    "USDXOF": 639.999941,
    "USDXPF": 117.601753,
    "USDYER": 250.250386,
    "USDZAR": 16.374404,
    "USDZMK": 9001.195732,
    "USDZMW": 16.109864,
    "USDZWL": 321.999592,
    "USDUSD": 1
  },
  "source": "USD",
  "success": true,
  "timestamp": 1660695744973
}