{
  "quotes": {
    "USDAED": 3.67302,
    "USDAFN": 88.371051,
    "USDALL": 116.662932,
    "USDAMD": 403.236488,
    "USDANG": 1.805064,
    "USDAOA": 428.825898,
    "USDARS": 136.12711,
    "USDAUD": 1.455285,
    "USDAWG": 1.8,
    "USDAZN": 1.700085,
    "USDBAM": 1.947698,
    "USDBBD": 2.022257,
    "USDBDT": 95.160405,
    "USDBGN": 1.947668,
    "USDBHD": 0.376727,
    "USDBIF": 2065.237633,
    "USDBMD": 1,
    "USDBND": 1.392586,
    "USDBOB": 6.925984,
    "USDBRL": 5.167625,
    "USDBSD": 1.001618,
    "USDBTC": 4.639852e-05,
    "USDBTN": 79.871138,
    "USDBWP": 12.808026,
    "USDBYN": 2.527547,
    "USDBYR": 19600,
    "USDBZD": 2.018871,
    "USDCAD": 1.299995,
    "USDCDF": 2000.000061,
    "USDCHF": 0.958775,
    "USDCLF": 0.033712,
    "USDCLP": 930.220629,
    "USDCNY": 6.817097,
    "USDCOP": 4396.84318,
    "USDCRC": 655.821943,
    "USDCUC": 1,
    "USDCUP": 26.5,
    "USDCVE": 109.806558,
    "USDCZK": 24.553007,
    "USDDJF": 178.305574,
    "USDDKK": 7.41257,
    "USDDOP": 53.860134,
    "USDDZD": 141.536087,
    "USDEGP": 19.154736,
    "USDERN": 15,
    "USDETB": 52.806732,
    "USDEUR": 0.996725,
    "USDFJD": 2.20365,
    "USDFKP": 0.823605,
    "USDGBP": 0.846435,
    "USDGEL": 2.78498,
    "USDGGP": 0.823605,
    "USDGHS": 9.765429,
    "USDGIP": 0.823605,
    "USDGMD": 54.301776,
    "USDGNF": 8643.214579,
    "USDGTQ": 7.752234,
    "USDGYD": 209.66465,
    "USDHKD": 7.845515,
    "USDHNL": 24.641123,
    "USDHRK": 7.484798,
    "USDHTG": 129.70548,
    "USDHUF": 403.6575,
    "USDIDR": 14875.4,
    "USDILS": 3.27656,
    "USDIMP": 0.823605,
    "USDINR": 79.925501,
    "USDIQD": 1461.806956,
    "USDIRR": 42299.999914,
    "USDISK": 140.360265,
    "USDJEP": 0.823605,
    "USDJMD": 151.574178,
    "USDJOD": 0.709038,
    "USDJPY": 137.000497,
    "USDKES": 119.989743,
    "USDKGS": 80.98036,
    "USDKHR": 4108.447233,
    "USDKMF": 490.549624,
    "USDKPW": 900.00035,
    "USDKRW": 1335.859945,
    "USDKWD": 0.30765,
    "USDKYD": 0.834615,
    "USDKZT": 477.307242,
    "USDLAK": 15272.636742,
    "USDLBP": 1514.576643,
    "USDLKR": 360.570219,
    "USDLRD": 153.596978,
    "USDLSL": 17.009996,
    "USDLTL": 2.95274,
    "USDLVL": 0.60489,
    "USDLYD": 4.891677,
    "USDMAD": 10.397092,
    "USDMDL": 19.270446,
    "USDMGA": 4211.666293,
    "USDMKD": 61.358827,
    "USDMMK": 2103.325317,
    "USDMNT": 3194.961563,
    "USDMOP": 8.094008,
    "USDMRO": 356.999828,
    "USDMUR": 45.978042,
    "USDMVR": 15.369993,
    "USDMWK": 1028.060846,
    "USDMXN": 20.190999,
    "USDMYR": 4.476502,
    "USDMZN": 63.829757,
    "USDNAD": 17.009973,
    "USDNGN": 420.329458,
    "USDNIO": 35.996714,
    "USDNOK": 9.82097,
    "USDNPR": 127.793462,
    "USDNZD": 1.620545,
    "USDOMR": 0.384774,
    "USDPAB": 1.001519,
    "USDPEN": 3.851122,
    "USDPGK": 3.529166,
    "USDPHP": 55.950292,
    "USDPKR": 215.991436,
    "USDPLN": 4.733904,
    "USDPYG": 6889.436602,
    "USDQAR": 3.641005,
    "USDRON": 4.86221,
    "USDRSD": 116.793388,
    "USDRUB": 59.501083,
    "USDRWF": 1032.051186,
    "USDSAR": 3.755301,
    "USDSBD": 8.210319,
    "USDSCR": 13.000722,
    "USDSDG": 569.500769,
    "USDSEK": 10.593295,
    "USDSGD": 1.392185,
    "USDSHP": 1.3774,
    "USDSLL": 14000.999829,
    "USDSOS": 569.999726,
    "USDSRD": 24.425002,
    "USDSTD": 20697.981008,
    "USDSVC": 8.763413,
    "USDSYP": 2512.53037,
    "USDSZL": 17.043244,
    "USDTHB": 35.788497,
    "USDTJS": 10.236164,
    "USDTMT": 3.5,
    "USDTND": 3.185502,
    "USDTOP": 2.342301,
    "USDTRY": 18.094565,
    "USDTTD": 6.791744,
    "USDTWD": 30.115503,
    "USDTZS": 2335.688501,
    "USDUAH": 36.793388,
    "USDUGX": 3851.121567,
    "USDUYU": 40.454104,
    "USDUZS": 10934.319217,
    "USDVND": 23405,
    "USDVUV": 116.056079,
    "USDWST": 2.66746,
    "USDXAF": 653.229766,
    "USDXAG": 0.052585,
    "USDXAU": 0.000573,
    "USDXCD": 2.70255,
    "USDXDR": 0.760525,
    "USDXOF": 653.229766,
    "USDXPF": 119.249808,
    "USDYER": 250.249881,
    "USDZAR": 17.00862,
    "USDZMK": 9001.198292,
    "USDZMW": 16.150571,
    "USDZWL": 321.999592,
    "USDUSD": 1
  },
  "source": "USD",
  "success": true,
  "timestamp": 1661124630603
}