{
    "quotes": {
      "USDAED": 3.673101,
      "USDAFN": 90.00004,
      "USDALL": 115.49911,
      "USDAMD": 407.849892,
      "USDANG": 1.800179,
      "USDAOA": 433.287197,
      "USDARS": 130.916568,
      "USDAUD": 1.429388,
      "USDAWG": 1.8,
      "USDAZN": 1.699248,
      "USDBAM": 1.924083,
      "USDBBD": 2.016803,
      "USDBDT": 94.614155,
      "USDBGN": 1.91794,
      "USDBHD": 0.376985,
      "USDBIF": 2037.5,
      "USDBMD": 1,
      "USDBND": 1.385688,
      "USDBOB": 6.867191,
      "USDBRL": 5.243966,
      "USDBSD": 0.99881,
      "USDBTC": 4.3785088e-05,
      "USDBTN": 79.785448,
      "USDBWP": 12.659885,
      "USDBYN": 2.521667,
      "USDBYR": 19600,
      "USDBZD": 2.013359,
      "USDCAD": 1.281655,
      "USDCDF": 2002.503608,
      "USDCHF": 0.95854,
      "USDCLF": 0.032988,
      "USDCLP": 910.249878,
      "USDCNY": 6.758499,
      "USDCOP": 4429.64,
      "USDCRC": 669.722875,
      "USDCUC": 1,
      "USDCUP": 26.5,
      "USDCVE": 109.375028,
      "USDCZK": 24.070985,
      "USDDJF": 177.719941,
      "USDDKK": 7.298098,
      "USDDOP": 54.450168,
      "USDDZD": 146.278311,
      "USDEGP": 18.9435,
      "USDERN": 15,
      "USDETB": 52.098699,
      "USDEUR": 0.980295,
      "USDFJD": 2.1916,
      "USDFKP": 0.842337,
      "USDGBP": 0.822102,
      "USDGEL": 2.767502,
      "USDGGP": 0.842337,
      "USDGHS": 8.42499,
      "USDGIP": 0.842337,
      "USDGMD": 54.0496,
      "USDGNF": 8815.000138,
      "USDGTQ": 7.726141,
      "USDGYD": 208.979744,
      "USDHKD": 7.84915,
      "USDHNL": 24.601945,
      "USDHRK": 7.364699,
      "USDHTG": 114.599955,
      "USDHUF": 396.07023,
      "USDIDR": 14920.7,
      "USDILS": 3.42237,
      "USDIMP": 0.842337,
      "USDINR": 79.84765,
      "USDIQD": 1460,
      "USDIRR": 42400.000284,
      "USDISK": 137.04981,
      "USDJEP": 0.842337,
      "USDJMD": 152.9362,
      "USDJOD": 0.708995,
      "USDJPY": 136.217957,
      "USDKES": 118.849828,
      "USDKGS": 82.368405,
      "USDKHR": 4114.999784,
      "USDKMF": 486.025002,
      "USDKPW": 899.999992,
      "USDKRW": 1306.250019,
      "USDKWD": 0.307405,
      "USDKYD": 0.832337,
      "USDKZT": 477.691373,
      "USDLAK": 15116.64998,
      "USDLBP": 1517.999962,
      "USDLKR": 359.575228,
      "USDLRD": 152.496346,
      "USDLSL": 16.819501,
      "USDLTL": 2.952739,
      "USDLVL": 0.60489,
      "USDLYD": 4.88984,
      "USDMAD": 10.295031,
      "USDMDL": 19.303,
      "USDMGA": 4114.999765,
      "USDMKD": 60.399757,
      "USDMMK": 1849.314393,
      "USDMNT": 3144.659992,
      "USDMOP": 8.075767,
      "USDMRO": 356.999828,
      "USDMUR": 44.695091,
      "USDMVR": 15.402517,
      "USDMWK": 1019.495489,
      "USDMXN": 20.38775,
      "USDMYR": 4.458501,
      "USDMZN": 63.830317,
      "USDNAD": 16.827497,
      "USDNGN": 415.639773,
      "USDNIO": 35.934999,
      "USDNOK": 9.74235,
      "USDNPR": 127.655933,
      "USDNZD": 1.59626,
      "USDOMR": 0.385017,
      "USDPAB": 0.99881,
      "USDPEN": 3.922495,
      "USDPGK": 3.535044,
      "USDPHP": 55.589684,
      "USDPKR": 236.125028,
      "USDPLN": 4.690895,
      "USDPYG": 6877.972721,
      "USDQAR": 3.64075,
      "USDRON": 4.826103,
      "USDRSD": 115.000175,
      "USDRUB": 59.375005,
      "USDRWF": 1033,
      "USDSAR": 3.756246,
      "USDSBD": 8.159969,
      "USDSCR": 13.137985,
      "USDSDG": 568.49956,
      "USDSEK": 10.22443,
      "USDSGD": 1.382275,
      "USDSHP": 1.377401,
      "USDSLL": 13892.502147,
      "USDSOS": 579.999951,
      "USDSRD": 24.118504,
      "USDSTD": 20697.981008,
      "USDSVC": 8.739707,
      "USDSYP": 2512.529433,
      "USDSZL": 16.865498,
      "USDTHB": 36.684991,
      "USDTJS": 10.193308,
      "USDTMT": 3.475,
      "USDTND": 3.181011,
      "USDTOP": 2.34505,
      "USDTRY": 17.887202,
      "USDTTD": 6.782225,
      "USDTWD": 29.915299,
      "USDTZS": 2329.266035,
      "USDUAH": 36.872731,
      "USDUGX": 3875.023364,
      "USDUSD": 1.000268,
      "USDUYU": 41.646377,
      "USDUZS": 10939.999445,
      "USDVND": 23380,
      "USDVUV": 118.896025,
      "USDWST": 2.72097,
      "USDXAF": 645.287177,
      "USDXAG": 0.052203,
      "USDXAU": 0.000575,
      "USDXCD": 2.70255,
      "USDXDR": 0.759246,
      "USDXOF": 646.498823,
      "USDXPF": 118.533153,
      "USDYER": 250.149695,
      "USDZAR": 16.677198,
      "USDZMK": 9001.198896,
      "USDZMW": 16.830725,
      "USDZWL": 321.999592
    },
    "source": "USD",
    "success": true,
    "timestamp": 1658966058933
  }