{
  "quotes": {
    "USDAED": 3.673005,
    "USDAFN": 89.000368,
    "USDALL": 118.000368,
    "USDAMD": 404.590403,
    "USDANG": 1.802629,
    "USDAOA": 428.55865,
    "USDARS": 139.148868,
    "USDAUD": 1.468213,
    "USDAWG": 1.8,
    "USDAZN": 1.70397,
    "USDBAM": 1.95673,
    "USDBBD": 2.019529,
    "USDBDT": 95.032315,
    "USDBGN": 1.953929,
    "USDBHD": 0.376941,
    "USDBIF": 2049,
    "USDBMD": 1,
    "USDBND": 1.402145,
    "USDBOB": 6.911579,
    "USDBRL": 5.17245,
    "USDBSD": 1.00026,
    "USDBTC": 5.0064342e-05,
    "USDBTN": 79.742782,
    "USDBWP": 12.95666,
    "USDBYN": 2.524661,
    "USDBYR": 19600,
    "USDBZD": 2.016127,
    "USDCAD": 1.313355,
    "USDCDF": 2026.000362,
    "USDCHF": 0.981214,
    "USDCLF": 0.031846,
    "USDCLP": 878.720396,
    "USDCNY": 6.90391,
    "USDCOP": 4492,
    "USDCRC": 650.329151,
    "USDCUC": 1,
    "USDCUP": 26.5,
    "USDCVE": 110.303897,
    "USDCZK": 24.632204,
    "USDDJF": 177.720394,
    "USDDKK": 7.46975,
    "USDDOP": 53.050393,
    "USDDZD": 140.73304,
    "USDEGP": 19.228837,
    "USDERN": 15,
    "USDETB": 52.503876,
    "USDEUR": 1.00425,
    "USDFJD": 2.24875,
    "USDFKP": 0.823605,
    "USDGBP": 0.86881,
    "USDGEL": 2.860391,
    "USDGGP": 0.823605,
    "USDGHS": 10.02504,
    "USDGIP": 0.823605,
    "USDGMD": 55.103853,
    "USDGNF": 8750.000355,
    "USDGTQ": 7.741861,
    "USDGYD": 209.266262,
    "USDHKD": 7.848785,
    "USDHNL": 24.530389,
    "USDHRK": 7.557304,
    "USDHTG": 117.528063,
    "USDHUF": 403.750388,
    "USDIDR": 14892.3,
    "USDILS": 3.37341,
    "USDIMP": 0.823605,
    "USDINR": 79.712304,
    "USDIQD": 1460,
    "USDIRR": 42300.000352,
    "USDISK": 142.350386,
    "USDJEP": 0.823605,
    "USDJMD": 150.780359,
    "USDJOD": 0.70904,
    "USDJPY": 140.21104,
    "USDKES": 120.303804,
    "USDKGS": 80.89704,
    "USDKHR": 4115.000351,
    "USDKMF": 494.250384,
    "USDKPW": 900.00035,
    "USDKRW": 1362.715039,
    "USDKWD": 0.308404,
    "USDKYD": 0.833483,
    "USDKZT": 471.004852,
    "USDLAK": 15610.000349,
    "USDLBP": 1516.503779,
    "USDLKR": 360.084839,
    "USDLRD": 154.000348,
    "USDLSL": 17.303772,
    "USDLTL": 2.95274,
    "USDLVL": 0.60489,
    "USDLYD": 4.935039,
    "USDMAD": 10.585039,
    "USDMDL": 19.364508,
    "USDMGA": 4125.000347,
    "USDMKD": 61.636573,
    "USDMMK": 2100.493927,
    "USDMNT": 3194.961563,
    "USDMOP": 8.08632,
    "USDMRO": 356.999828,
    "USDMUR": 45.148586,
    "USDMVR": 15.403741,
    "USDMWK": 1024.000345,
    "USDMXN": 19.948504,
    "USDMYR": 4.474039,
    "USDMZN": 63.830377,
    "USDNAD": 17.303729,
    "USDNGN": 423.420377,
    "USDNIO": 35.975039,
    "USDNOK": 10.018225,
    "USDNPR": 127.588691,
    "USDNZD": 1.638976,
    "USDOMR": 0.384999,
    "USDPAB": 1.00016,
    "USDPEN": 3.877504,
    "USDPGK": 3.515039,
    "USDPHP": 56.792504,
    "USDPKR": 219.303704,
    "USDPLN": 4.741893,
    "USDPYG": 6913.380155,
    "USDQAR": 3.641038,
    "USDRON": 4.834704,
    "USDRSD": 117.890655,
    "USDRUB": 60.275038,
    "USDRWF": 1040,
    "USDSAR": 3.759143,
    "USDSBD": 8.206979,
    "USDSCR": 14.341097,
    "USDSDG": 577.00034,
    "USDSEK": 10.782285,
    "USDSGD": 1.40247,
    "USDSHP": 1.377404,
    "USDSLL": 14195.000339,
    "USDSOS": 568.503667,
    "USDSRD": 25.365038,
    "USDSTD": 20697.981008,
    "USDSVC": 8.751025,
    "USDSYP": 2512.53037,
    "USDSZL": 17.303655,
    "USDTHB": 36.662038,
    "USDTJS": 10.116241,
    "USDTMT": 3.51,
    "USDTND": 3.214038,
    "USDTOP": 2.36675,
    "USDTRY": 18.200804,
    "USDTTD": 6.774816,
    "USDTWD": 30.626704,
    "USDTZS": 2331.000336,
    "USDUAH": 36.938192,
    "USDUGX": 3815.855293,
    "USDUYU": 40.984853,
    "USDUZS": 10980.000335,
    "USDVND": 23462.5,
    "USDVUV": 116.056079,
    "USDWST": 2.66746,
    "USDXAF": 656.258879,
    "USDXAG": 0.055465,
    "USDXAU": 0.000584,
    "USDXCD": 2.70255,
    "USDXDR": 0.768353,
    "USDXOF": 656.503602,
    "USDXPF": 120.225037,
    "USDYER": 250.250364,
    "USDZAR": 17.298104,
    "USDZMK": 9001.203593,
    "USDZMW": 15.358565,
    "USDZWL": 321.999592,
    "USDUSD": 1
  },
  "source": "USD",
  "success": true,
  "timestamp": 1662164355722
}