{
    "quotes": {
      "USDAED": 3.673098,
      "USDAFN": 90.019895,
      "USDALL": 114.010861,
      "USDAMD": 409.611935,
      "USDANG": 1.803233,
      "USDAOA": 430.903991,
      "USDARS": 130.388016,
      "USDAUD": 1.433414,
      "USDAWG": 1.7975,
      "USDAZN": 1.716576,
      "USDBAM": 1.912054,
      "USDBBD": 2.020168,
      "USDBDT": 94.499435,
      "USDBGN": 1.909713,
      "USDBHD": 0.377001,
      "USDBIF": 2060.954448,
      "USDBMD": 1,
      "USDBND": 1.385773,
      "USDBOB": 6.878614,
      "USDBRL": 5.357805,
      "USDBSD": 1.000503,
      "USDBTC": 4.746162e-05,
      "USDBTN": 79.819434,
      "USDBWP": 12.617059,
      "USDBYN": 2.525968,
      "USDBYR": 19600,
      "USDBZD": 2.016707,
      "USDCAD": 1.282835,
      "USDCDF": 2002.497727,
      "USDCHF": 0.96334,
      "USDCLF": 0.033955,
      "USDCLP": 936.930226,
      "USDCNY": 6.748902,
      "USDCOP": 4467.8,
      "USDCRC": 671.965353,
      "USDCUC": 1,
      "USDCUP": 26.5,
      "USDCVE": 107.798042,
      "USDCZK": 24.017029,
      "USDDJF": 178.12364,
      "USDDKK": 7.27142,
      "USDDOP": 54.388769,
      "USDDZD": 145.830667,
      "USDEGP": 18.947502,
      "USDERN": 15,
      "USDETB": 52.63216,
      "USDEUR": 0.976545,
      "USDFJD": 2.19255,
      "USDFKP": 0.842337,
      "USDGBP": 0.827595,
      "USDGEL": 2.940047,
      "USDGGP": 0.842337,
      "USDGHS": 8.279425,
      "USDGIP": 0.842337,
      "USDGMD": 54.090163,
      "USDGNF": 8662.655137,
      "USDGTQ": 7.739015,
      "USDGYD": 209.327448,
      "USDHKD": 7.848515,
      "USDHNL": 24.610301,
      "USDHRK": 7.341901,
      "USDHTG": 117.330883,
      "USDHUF": 389.769954,
      "USDIDR": 14968.5,
      "USDILS": 3.43723,
      "USDIMP": 0.842337,
      "USDINR": 79.731495,
      "USDIQD": 1460.267183,
      "USDIRR": 42349.999793,
      "USDISK": 136.210126,
      "USDJEP": 0.842337,
      "USDJMD": 152.558644,
      "USDJOD": 0.708969,
      "USDJPY": 136.410503,
      "USDKES": 118.760363,
      "USDKGS": 80.4217,
      "USDKHR": 4097.137019,
      "USDKMF": 464.625027,
      "USDKPW": 899.999992,
      "USDKRW": 1307.674983,
      "USDKWD": 0.30712,
      "USDKYD": 0.83372,
      "USDKZT": 478.313789,
      "USDLAK": 15064.400549,
      "USDLBP": 1512.76524,
      "USDLKR": 355.175262,
      "USDLRD": 152.502078,
      "USDLSL": 15.840075,
      "USDLTL": 2.95274,
      "USDLVL": 0.60489,
      "USDLYD": 4.878554,
      "USDMAD": 10.209846,
      "USDMDL": 19.320067,
      "USDMGA": 4207.247149,
      "USDMKD": 60.236488,
      "USDMMK": 1852.486545,
      "USDMNT": 3144.659992,
      "USDMOP": 8.089002,
      "USDMRO": 356.999828,
      "USDMUR": 45.398371,
      "USDMVR": 15.350042,
      "USDMWK": 1026.952199,
      "USDMXN": 20.429725,
      "USDMYR": 4.4545,
      "USDMZN": 63.829638,
      "USDNAD": 15.840314,
      "USDNGN": 415.250123,
      "USDNIO": 35.874023,
      "USDNOK": 9.80148,
      "USDNPR": 127.709807,
      "USDNZD": 1.59529,
      "USDOMR": 0.385002,
      "USDPAB": 1.000494,
      "USDPEN": 3.918877,
      "USDPGK": 3.525421,
      "USDPHP": 55.632505,
      "USDPKR": 229.997507,
      "USDPLN": 4.615005,
      "USDPYG": 6892.074867,
      "USDQAR": 3.64102,
      "USDRON": 4.816794,
      "USDRSD": 114.695037,
      "USDRUB": 58.501751,
      "USDRWF": 1033.429302,
      "USDSAR": 3.757573,
      "USDSBD": 8.159969,
      "USDSCR": 12.917373,
      "USDSDG": 456.501675,
      "USDSEK": 10.17362,
      "USDSGD": 1.385235,
      "USDSHP": 1.377403,
      "USDSLL": 13169.999496,
      "USDSOS": 584.498534,
      "USDSRD": 23.789503,
      "USDSTD": 20697.981008,
      "USDSVC": 8.754564,
      "USDSYP": 2512.529433,
      "USDSZL": 16.77647,
      "USDTHB": 36.678946,
      "USDTJS": 10.105339,
      "USDTMT": 3.51,
      "USDTND": 3.063503,
      "USDTOP": 2.34345,
      "USDTRY": 17.833749,
      "USDTTD": 6.804479,
      "USDTWD": 29.915502,
      "USDTZS": 2331.340959,
      "USDUAH": 36.587984,
      "USDUGX": 3849.466465,
      "USDUSD": 1.000268,
      "USDUYU": 41.837548,
      "USDUZS": 10972.905068,
      "USDVND": 23370,
      "USDVUV": 118.896025,
      "USDWST": 2.72097,
      "USDXAF": 641.26874,
      "USDXAG": 0.053837,
      "USDXAU": 0.000579,
      "USDXCD": 2.70255,
      "USDXDR": 0.760594,
      "USDXOF": 641.281278,
      "USDXPF": 113.149653,
      "USDYER": 250.250057,
      "USDZAR": 16.752398,
      "USDZMK": 9001.201407,
      "USDZMW": 16.333384,
      "USDZWL": 321.999592
    },
    "source": "USD",
    "success": true,
    "timestamp": 1658803571681
  }