{
  "quotes": {
    "USDAED": 3.67299,
    "USDAFN": 88.487733,
    "USDALL": 116.771386,
    "USDAMD": 403.825474,
    "USDANG": 1.800123,
    "USDAOA": 428.91785,
    "USDARS": 138.304605,
    "USDAUD": 1.441275,
    "USDAWG": 1.805,
    "USDAZN": 1.720298,
    "USDBAM": 1.947456,
    "USDBBD": 2.016787,
    "USDBDT": 94.913872,
    "USDBGN": 1.950394,
    "USDBHD": 0.376969,
    "USDBIF": 2060.438904,
    "USDBMD": 1,
    "USDBND": 1.393679,
    "USDBOB": 6.902262,
    "USDBRL": 5.028962,
    "USDBSD": 0.998785,
    "USDBTC": 4.9071182e-05,
    "USDBTN": 79.353493,
    "USDBWP": 12.74086,
    "USDBYN": 2.521247,
    "USDBYR": 19600,
    "USDBZD": 2.013303,
    "USDCAD": 1.30039,
    "USDCDF": 2024.999862,
    "USDCHF": 0.970635,
    "USDCLF": 0.031992,
    "USDCLP": 882.760281,
    "USDCNY": 6.899701,
    "USDCOP": 4365.37,
    "USDCRC": 639.278318,
    "USDCUC": 1,
    "USDCUP": 26.5,
    "USDCVE": 109.790704,
    "USDCZK": 24.511003,
    "USDDJF": 177.815394,
    "USDDKK": 7.41676,
    "USDDOP": 52.923371,
    "USDDZD": 140.521673,
    "USDEGP": 19.210795,
    "USDERN": 15,
    "USDETB": 52.708852,
    "USDEUR": 0.997175,
    "USDFJD": 2.206599,
    "USDFKP": 0.823605,
    "USDGBP": 0.853195,
    "USDGEL": 2.895001,
    "USDGGP": 0.823605,
    "USDGHS": 9.963358,
    "USDGIP": 0.823605,
    "USDGMD": 54.749963,
    "USDGNF": 8623.44671,
    "USDGTQ": 7.730903,
    "USDGYD": 208.978706,
    "USDHKD": 7.84855,
    "USDHNL": 24.581807,
    "USDHRK": 7.487899,
    "USDHTG": 119.360363,
    "USDHUF": 405.639846,
    "USDIDR": 14834.15,
    "USDILS": 3.305925,
    "USDIMP": 0.823605,
    "USDINR": 79.515705,
    "USDIQD": 1457.822208,
    "USDIRR": 42300.0003,
    "USDISK": 141.695844,
    "USDJEP": 0.823605,
    "USDJMD": 150.603393,
    "USDJOD": 0.709018,
    "USDJPY": 138.179496,
    "USDKES": 120.02969,
    "USDKGS": 80.699039,
    "USDKHR": 4100.187191,
    "USDKMF": 492.45024,
    "USDKPW": 900.00035,
    "USDKRW": 1345.340226,
    "USDKWD": 0.30794,
    "USDKYD": 0.83235,
    "USDKZT": 473.404891,
    "USDLAK": 15375.477935,
    "USDLBP": 1510.557472,
    "USDLKR": 364.58569,
    "USDLRD": 153.750095,
    "USDLSL": 16.839773,
    "USDLTL": 2.95274,
    "USDLVL": 0.60489,
    "USDLYD": 4.942348,
    "USDMAD": 10.534701,
    "USDMDL": 19.328464,
    "USDMGA": 4200.750787,
    "USDMKD": 61.260355,
    "USDMMK": 2097.543313,
    "USDMNT": 3194.961563,
    "USDMOP": 8.074319,
    "USDMRO": 356.999828,
    "USDMUR": 44.150186,
    "USDMVR": 15.359691,
    "USDMWK": 1025.274824,
    "USDMXN": 19.94698,
    "USDMYR": 4.475498,
    "USDMZN": 63.830084,
    "USDNAD": 16.8397,
    "USDNGN": 422.202829,
    "USDNIO": 35.897921,
    "USDNOK": 9.719398,
    "USDNPR": 126.965509,
    "USDNZD": 1.617765,
    "USDOMR": 0.384961,
    "USDPAB": 0.998785,
    "USDPEN": 3.828073,
    "USDPGK": 3.519496,
    "USDPHP": 56.2103,
    "USDPKR": 219.492891,
    "USDPLN": 4.720941,
    "USDPYG": 6885.653975,
    "USDQAR": 3.641033,
    "USDRON": 4.851402,
    "USDRSD": 117.049523,
    "USDRUB": 60.999983,
    "USDRWF": 1045.274415,
    "USDSAR": 3.755746,
    "USDSBD": 8.244163,
    "USDSCR": 12.993916,
    "USDSDG": 577.541949,
    "USDSEK": 10.62028,
    "USDSGD": 1.395225,
    "USDSHP": 1.377401,
    "USDSLL": 14134.999769,
    "USDSOS": 569.534506,
    "USDSRD": 24.792025,
    "USDSTD": 20697.981008,
    "USDSVC": 8.739246,
    "USDSYP": 2512.53037,
    "USDSZL": 16.789672,
    "USDTHB": 36.369771,
    "USDTJS": 10.14816,
    "USDTMT": 3.51,
    "USDTND": 3.197,
    "USDTOP": 2.3556,
    "USDTRY": 18.17887,
    "USDTTD": 6.763952,
    "USDTWD": 30.429497,
    "USDTZS": 2332.000213,
    "USDUAH": 36.838798,
    "USDUGX": 3813.601513,
    "USDUYU": 40.387526,
    "USDUZS": 10887.894297,
    "USDVND": 23420,
    "USDVUV": 116.056079,
    "USDWST": 2.66746,
    "USDXAF": 653.164721,
    "USDXAG": 0.053475,
    "USDXAU": 0.000577,
    "USDXCD": 2.70255,
    "USDXDR": 0.767285,
    "USDXOF": 653.135455,
    "USDXPF": 119.825006,
    "USDYER": 250.249867,
    "USDZAR": 16.80749,
    "USDZMK": 9001.199154,
    "USDZMW": 15.956904,
    "USDZWL": 321.999592,
    "USDUSD": 1
  },
  "source": "USD",
  "success": true,
  "timestamp": 1661859456962
}