{
  "quotes": {
    "USDAED": 3.673097,
    "USDAFN": 89.797079,
    "USDALL": 114.319052,
    "USDAMD": 402.719968,
    "USDANG": 1.790745,
    "USDAOA": 432.641797,
    "USDARS": 131.13142,
    "USDAUD": 1.429143,
    "USDAWG": 1.8,
    "USDAZN": 1.698572,
    "USDBAM": 1.917574,
    "USDBBD": 2.006246,
    "USDBDT": 94.113927,
    "USDBGN": 1.918069,
    "USDBHD": 0.377027,
    "USDBIF": 2047.251352,
    "USDBMD": 1,
    "USDBND": 1.374496,
    "USDBOB": 6.830629,
    "USDBRL": 5.184498,
    "USDBSD": 0.993661,
    "USDBTC": 4.2036431e-05,
    "USDBTN": 79.276375,
    "USDBWP": 12.546195,
    "USDBYN": 2.507979,
    "USDBYR": 19600,
    "USDBZD": 2.002912,
    "USDCAD": 1.281345,
    "USDCDF": 2002.512179,
    "USDCHF": 0.95444,
    "USDCLF": 0.032941,
    "USDCLP": 908.950269,
    "USDCNY": 6.746598,
    "USDCOP": 4375.33,
    "USDCRC": 664.535645,
    "USDCUC": 1,
    "USDCUP": 26.5,
    "USDCVE": 108.118311,
    "USDCZK": 24.121014,
    "USDDJF": 176.895962,
    "USDDKK": 7.30195,
    "USDDOP": 54.034152,
    "USDDZD": 146.054026,
    "USDEGP": 18.918496,
    "USDERN": 15,
    "USDETB": 52.279197,
    "USDEUR": 0.980995,
    "USDFJD": 2.18825,
    "USDFKP": 0.842337,
    "USDGBP": 0.82201,
    "USDGEL": 2.764986,
    "USDGGP": 0.842337,
    "USDGHS": 8.421099,
    "USDGIP": 0.842337,
    "USDGMD": 53.920029,
    "USDGNF": 8600.844229,
    "USDGTQ": 7.685723,
    "USDGYD": 207.882493,
    "USDHKD": 7.84983,
    "USDHNL": 24.445632,
    "USDHRK": 7.374103,
    "USDHTG": 120.229638,
    "USDHUF": 396.710178,
    "USDIDR": 14879,
    "USDILS": 3.417705,
    "USDIMP": 0.842337,
    "USDINR": 79.59555,
    "USDIQD": 1450.221353,
    "USDIRR": 42299.999796,
    "USDISK": 135.869778,
    "USDJEP": 0.842337,
    "USDJMD": 152.474616,
    "USDJOD": 0.709006,
    "USDJPY": 134.351021,
    "USDKES": 118.879847,
    "USDKGS": 83.070499,
    "USDKHR": 4071.911478,
    "USDKMF": 485.250101,
    "USDKPW": 899.999992,
    "USDKRW": 1298.204979,
    "USDKWD": 0.3071,
    "USDKYD": 0.827953,
    "USDKZT": 476.690542,
    "USDLAK": 14979.531605,
    "USDLBP": 1502.551808,
    "USDLKR": 362.675648,
    "USDLRD": 153.350405,
    "USDLSL": 15.709509,
    "USDLTL": 2.95274,
    "USDLVL": 0.60489,
    "USDLYD": 4.857506,
    "USDMAD": 10.26217,
    "USDMDL": 19.177048,
    "USDMGA": 4185.791117,
    "USDMKD": 60.306878,
    "USDMMK": 1839.708785,
    "USDMNT": 3144.659992,
    "USDMOP": 8.03371,
    "USDMRO": 356.999828,
    "USDMUR": 45.551315,
    "USDMVR": 15.350409,
    "USDMWK": 1019.878316,
    "USDMXN": 20.291306,
    "USDMYR": 4.449959,
    "USDMZN": 63.830214,
    "USDNAD": 16.5719,
    "USDNGN": 415.459721,
    "USDNIO": 35.67629,
    "USDNOK": 9.733495,
    "USDNPR": 126.843522,
    "USDNZD": 1.58835,
    "USDOMR": 0.385015,
    "USDPAB": 0.99348,
    "USDPEN": 3.898721,
    "USDPGK": 3.50115,
    "USDPHP": 55.395968,
    "USDPKR": 236.981169,
    "USDPLN": 4.67335,
    "USDPYG": 6864.045732,
    "USDQAR": 3.640979,
    "USDRON": 4.840199,
    "USDRSD": 115.195034,
    "USDRUB": 62.49532,
    "USDRWF": 1020.076383,
    "USDSAR": 3.755903,
    "USDSBD": 8.197272,
    "USDSCR": 13.16405,
    "USDSDG": 451.000077,
    "USDSEK": 10.212189,
    "USDSGD": 1.379575,
    "USDSHP": 1.377401,
    "USDSLL": 13919.999883,
    "USDSOS": 584.999901,
    "USDSRD": 24.197499,
    "USDSTD": 20697.981008,
    "USDSVC": 8.693307,
    "USDSYP": 2512.529433,
    "USDSZL": 16.695609,
    "USDTHB": 36.396499,
    "USDTJS": 10.115261,
    "USDTMT": 3.5,
    "USDTND": 3.16585,
    "USDTOP": 2.33685,
    "USDTRY": 17.950495,
    "USDTTD": 6.748736,
    "USDTWD": 29.958198,
    "USDTZS": 2332.611018,
    "USDUAH": 36.645602,
    "USDUGX": 3852.802604,
    "USDUSD": 1.000268,
    "USDUYU": 41.419207,
    "USDUZS": 10837.737144,
    "USDVND": 23355,
    "USDVUV": 118.896025,
    "USDWST": 2.72097,
    "USDXAF": 643.186531,
    "USDXAG": 0.049948,
    "USDXAU": 0.00057,
    "USDXCD": 2.70255,
    "USDXDR": 0.754617,
    "USDXOF": 643.180225,
    "USDXPF": 118.050195,
    "USDYER": 250.249847,
    "USDZAR": 16.490475,
    "USDZMK": 9001.201389,
    "USDZMW": 16.221068,
    "USDZWL": 321.999592
  },
  "source": "USD",
  "success": true,
  "timestamp": 1659063367733
}