{
  "quotes": {
    "USDAED": 3.672995,
    "USDAFN": 88.230586,
    "USDALL": 117.814195,
    "USDAMD": 404.051418,
    "USDANG": 1.802629,
    "USDAOA": 428.58145,
    "USDARS": 139.087385,
    "USDAUD": 1.469184,
    "USDAWG": 1.805,
    "USDAZN": 1.693708,
    "USDBAM": 1.95673,
    "USDBBD": 2.019529,
    "USDBDT": 95.032315,
    "USDBGN": 1.955058,
    "USDBHD": 0.377056,
    "USDBIF": 2063.459191,
    "USDBMD": 1,
    "USDBND": 1.402145,
    "USDBOB": 6.911579,
    "USDBRL": 5.241803,
    "USDBSD": 1.00026,
    "USDBTC": 4.9794362e-05,
    "USDBTN": 79.742782,
    "USDBWP": 12.95666,
    "USDBYN": 2.524661,
    "USDBYR": 19600,
    "USDBZD": 2.016127,
    "USDCAD": 1.31425,
    "USDCDF": 2024.999861,
    "USDCHF": 0.982625,
    "USDCLF": 0.032518,
    "USDCLP": 897.280949,
    "USDCNY": 6.908203,
    "USDCOP": 4488.36,
    "USDCRC": 650.329151,
    "USDCUC": 1,
    "USDCUP": 26.5,
    "USDCVE": 110.303606,
    "USDCZK": 24.490204,
    "USDDJF": 178.061908,
    "USDDKK": 7.439099,
    "USDDOP": 53.027393,
    "USDDZD": 140.545869,
    "USDEGP": 19.228296,
    "USDERN": 15,
    "USDETB": 52.796186,
    "USDEUR": 1.000315,
    "USDFJD": 2.23175,
    "USDFKP": 0.823605,
    "USDGBP": 0.865075,
    "USDGEL": 2.870108,
    "USDGGP": 0.823605,
    "USDGHS": 9.952378,
    "USDGIP": 0.823605,
    "USDGMD": 55.149863,
    "USDGNF": 8638.623518,
    "USDGTQ": 7.741861,
    "USDGYD": 209.266262,
    "USDHKD": 7.849255,
    "USDHNL": 24.616324,
    "USDHRK": 7.523098,
    "USDHTG": 117.528063,
    "USDHUF": 398.691021,
    "USDIDR": 14902.4,
    "USDILS": 3.394765,
    "USDIMP": 0.823605,
    "USDINR": 79.88515,
    "USDIQD": 1459.871541,
    "USDIRR": 42249.99944,
    "USDISK": 141.549609,
    "USDJEP": 0.823605,
    "USDJMD": 150.780359,
    "USDJOD": 0.709799,
    "USDJPY": 140.432036,
    "USDKES": 120.209895,
    "USDKGS": 80.896981,
    "USDKHR": 4108.990135,
    "USDKMF": 494.949814,
    "USDKPW": 900.00035,
    "USDKRW": 1362.070197,
    "USDKWD": 0.30849,
    "USDKYD": 0.833483,
    "USDKZT": 471.004852,
    "USDLAK": 15598.175161,
    "USDLBP": 1512.395702,
    "USDLKR": 360.084839,
    "USDLRD": 154.250216,
    "USDLSL": 17.320298,
    "USDLTL": 2.95274,
    "USDLVL": 0.60489,
    "USDLYD": 4.932369,
    "USDMAD": 10.584969,
    "USDMDL": 19.364508,
    "USDMGA": 4207.295356,
    "USDMKD": 61.636573,
    "USDMMK": 2100.493927,
    "USDMNT": 3194.961563,
    "USDMOP": 8.08632,
    "USDMRO": 356.999828,
    "USDMUR": 45.153121,
    "USDMVR": 15.350195,
    "USDMWK": 1027.351582,
    "USDMXN": 20.13009,
    "USDMYR": 4.483968,
    "USDMZN": 63.830091,
    "USDNAD": 17.300068,
    "USDNGN": 422.960154,
    "USDNIO": 35.948536,
    "USDNOK": 10.01697,
    "USDNPR": 127.588691,
    "USDNZD": 1.640973,
    "USDOMR": 0.385011,
    "USDPAB": 1.00016,
    "USDPEN": 3.859475,
    "USDPGK": 3.524421,
    "USDPHP": 56.862013,
    "USDPKR": 218.801449,
    "USDPLN": 4.70902,
    "USDPYG": 6913.380155,
    "USDQAR": 3.640993,
    "USDRON": 4.836299,
    "USDRSD": 117.394963,
    "USDRUB": 60.274998,
    "USDRWF": 1033.555436,
    "USDSAR": 3.758965,
    "USDSBD": 8.210319,
    "USDSCR": 13.10952,
    "USDSDG": 577.498362,
    "USDSEK": 10.75587,
    "USDSGD": 1.402055,
    "USDSHP": 1.377404,
    "USDSLL": 14174.999838,
    "USDSOS": 568.501845,
    "USDSRD": 25.264949,
    "USDSTD": 20697.981008,
    "USDSVC": 8.751025,
    "USDSYP": 2512.53037,
    "USDSZL": 17.324069,
    "USDTHB": 36.740165,
    "USDTJS": 10.116241,
    "USDTMT": 3.5,
    "USDTND": 3.220042,
    "USDTOP": 2.36675,
    "USDTRY": 18.220301,
    "USDTTD": 6.774816,
    "USDTWD": 30.602698,
    "USDTZS": 2332.000225,
    "USDUAH": 36.938192,
    "USDUGX": 3815.855293,
    "USDUYU": 40.984853,
    "USDUZS": 10959.365778,
    "USDVND": 23462.5,
    "USDVUV": 116.056079,
    "USDWST": 2.66746,
    "USDXAF": 656.258879,
    "USDXAG": 0.055755,
    "USDXAU": 0.000586,
    "USDXCD": 2.70255,
    "USDXDR": 0.768353,
    "USDXOF": 656.258879,
    "USDXPF": 120.374986,
    "USDYER": 250.249681,
    "USDZAR": 17.29175,
    "USDZMK": 9001.179364,
    "USDZMW": 15.358565,
    "USDZWL": 321.999592,
    "USDUSD": 1
  },
  "source": "USD",
  "success": true,
  "timestamp": 1662119533521
}