{
  "quotes": {
    "USDAED": 3.67298,
    "USDAFN": 88.378676,
    "USDALL": 115.141359,
    "USDAMD": 403.660167,
    "USDANG": 1.802063,
    "USDAOA": 429.18845,
    "USDARS": 135.467603,
    "USDAUD": 1.43698,
    "USDAWG": 1.8,
    "USDAZN": 1.698295,
    "USDBAM": 1.922296,
    "USDBBD": 2.018881,
    "USDBDT": 95.001179,
    "USDBGN": 1.924642,
    "USDBHD": 0.37701,
    "USDBIF": 2061.526667,
    "USDBMD": 1,
    "USDBND": 1.381605,
    "USDBOB": 6.909366,
    "USDBRL": 5.170398,
    "USDBSD": 0.999857,
    "USDBTC": 4.2569793e-05,
    "USDBTN": 79.629069,
    "USDBWP": 12.640978,
    "USDBYN": 2.52338,
    "USDBYR": 19600,
    "USDBZD": 2.015539,
    "USDCAD": 1.288897,
    "USDCDF": 2000.999626,
    "USDCHF": 0.951695,
    "USDCLF": 0.032527,
    "USDCLP": 897.511807,
    "USDCNY": 6.787801,
    "USDCOP": 4344.41,
    "USDCRC": 660.251906,
    "USDCUC": 1,
    "USDCUP": 26.5,
    "USDCVE": 108.374408,
    "USDCZK": 24.138025,
    "USDDJF": 178.004708,
    "USDDKK": 7.302197,
    "USDDOP": 53.899719,
    "USDDZD": 142.084859,
    "USDEGP": 19.149403,
    "USDERN": 15,
    "USDETB": 52.70968,
    "USDEUR": 0.981598,
    "USDFJD": 2.19305,
    "USDFKP": 0.823605,
    "USDGBP": 0.828299,
    "USDGEL": 2.799783,
    "USDGGP": 0.823605,
    "USDGHS": 9.799055,
    "USDGIP": 0.823605,
    "USDGMD": 54.249824,
    "USDGNF": 8629.655657,
    "USDGTQ": 7.738207,
    "USDGYD": 209.190669,
    "USDHKD": 7.84485,
    "USDHNL": 24.599856,
    "USDHRK": 7.379498,
    "USDHTG": 131.487206,
    "USDHUF": 397.266027,
    "USDIDR": 14822.5,
    "USDILS": 3.24088,
    "USDIMP": 0.823605,
    "USDINR": 79.608502,
    "USDIQD": 1459.398097,
    "USDIRR": 42300.000104,
    "USDISK": 137.929742,
    "USDJEP": 0.823605,
    "USDJMD": 151.349704,
    "USDJOD": 0.709901,
    "USDJPY": 134.893982,
    "USDKES": 119.539849,
    "USDKGS": 81.2013,
    "USDKHR": 4101.508175,
    "USDKMF": 484.250075,
    "USDKPW": 900.00035,
    "USDKRW": 1322.569884,
    "USDKWD": 0.30692,
    "USDKYD": 0.833264,
    "USDKZT": 476.509671,
    "USDLAK": 15234.117,
    "USDLBP": 1511.826192,
    "USDLKR": 359.970121,
    "USDLRD": 153.550172,
    "USDLSL": 16.379604,
    "USDLTL": 2.95274,
    "USDLVL": 0.60489,
    "USDLYD": 4.877119,
    "USDMAD": 10.344441,
    "USDMDL": 19.238091,
    "USDMGA": 4204.590912,
    "USDMKD": 60.558556,
    "USDMMK": 2099.824755,
    "USDMNT": 3194.961563,
    "USDMOP": 8.079297,
    "USDMRO": 356.999828,
    "USDMUR": 45.507877,
    "USDMVR": 15.349747,
    "USDMWK": 1026.979345,
    "USDMXN": 19.9517,
    "USDMYR": 4.47399,
    "USDMZN": 63.829726,
    "USDNAD": 16.380387,
    "USDNGN": 420.459885,
    "USDNIO": 35.936095,
    "USDNOK": 9.65565,
    "USDNPR": 127.407291,
    "USDNZD": 1.58659,
    "USDOMR": 0.384524,
    "USDPAB": 0.999857,
    "USDPEN": 3.84119,
    "USDPGK": 3.523254,
    "USDPHP": 55.812996,
    "USDPKR": 214.728855,
    "USDPLN": 4.64298,
    "USDPYG": 6873.295362,
    "USDQAR": 3.640971,
    "USDRON": 4.791018,
    "USDRSD": 115.195023,
    "USDRUB": 59.424977,
    "USDRWF": 1030.109736,
    "USDSAR": 3.755048,
    "USDSBD": 8.247536,
    "USDSCR": 13.190622,
    "USDSDG": 568.000094,
    "USDSEK": 10.39817,
    "USDSGD": 1.380475,
    "USDSHP": 1.377395,
    "USDSLL": 13935.00029,
    "USDSOS": 565.999705,
    "USDSRD": 24.174047,
    "USDSTD": 20697.981008,
    "USDSVC": 8.748384,
    "USDSYP": 2512.53037,
    "USDSZL": 16.719626,
    "USDTHB": 35.5995,
    "USDTJS": 10.219079,
    "USDTMT": 3.51,
    "USDTND": 3.141009,
    "USDTOP": 2.340099,
    "USDTRY": 18.094075,
    "USDTTD": 6.775305,
    "USDTWD": 30.012305,
    "USDTZS": 2331.771981,
    "USDUAH": 36.851722,
    "USDUGX": 3829.592754,
    "USDUYU": 40.150573,
    "USDUZS": 10933.951879,
    "USDVND": 23406,
    "USDVUV": 116.056079,
    "USDWST": 2.66746,
    "USDXAF": 644.713202,
    "USDXAG": 0.050302,
    "USDXAU": 0.000565,
    "USDXCD": 2.70255,
    "USDXDR": 0.758669,
    "USDXOF": 644.710033,
    "USDXPF": 117.584777,
    "USDYER": 250.2505,
    "USDZAR": 16.68947,
    "USDZMK": 9001.133018,
    "USDZMW": 16.123427,
    "USDZWL": 321.999592,
    "USDUSD": 1
  },
  "source": "USD",
  "success": true,
  "timestamp": 1660822965639
}