{
  "quotes": {
    "USDAED": 3.672978,
    "USDAFN": 90.999908,
    "USDALL": 114.293572,
    "USDAMD": 406.610027,
    "USDANG": 1.800898,
    "USDAOA": 429.816899,
    "USDARS": 133.567201,
    "USDAUD": 1.432701,
    "USDAWG": 1.79875,
    "USDAZN": 1.7023,
    "USDBAM": 1.917706,
    "USDBBD": 2.01759,
    "USDBDT": 94.663241,
    "USDBGN": 1.918777,
    "USDBHD": 0.376962,
    "USDBIF": 2044,
    "USDBMD": 1,
    "USDBND": 1.377596,
    "USDBOB": 6.859925,
    "USDBRL": 5.111495,
    "USDBSD": 0.999235,
    "USDBTC": 4.2015575e-05,
    "USDBTN": 79.503054,
    "USDBWP": 12.585206,
    "USDBYN": 2.522748,
    "USDBYR": 19600,
    "USDBZD": 2.014257,
    "USDCAD": 1.28615,
    "USDCDF": 2000.000071,
    "USDCHF": 0.955803,
    "USDCLF": 0.032831,
    "USDCLP": 905.897537,
    "USDCNY": 6.750901,
    "USDCOP": 4312.24,
    "USDCRC": 667.549123,
    "USDCUC": 1,
    "USDCUP": 26.5,
    "USDCVE": 108.302227,
    "USDCZK": 24.034602,
    "USDDJF": 177.7197,
    "USDDKK": 7.301206,
    "USDDOP": 54.295264,
    "USDDZD": 144.177172,
    "USDEGP": 19.167301,
    "USDERN": 15,
    "USDETB": 52.209773,
    "USDEUR": 0.98125,
    "USDFJD": 2.191102,
    "USDFKP": 0.842337,
    "USDGBP": 0.827503,
    "USDGEL": 2.710157,
    "USDGGP": 0.842337,
    "USDGHS": 8.650215,
    "USDGIP": 0.842337,
    "USDGMD": 54.19935,
    "USDGNF": 8800.000518,
    "USDGTQ": 7.729341,
    "USDGYD": 209.171667,
    "USDHKD": 7.85095,
    "USDHNL": 24.55033,
    "USDHRK": 7.376798,
    "USDHTG": 120.911284,
    "USDHUF": 386.890239,
    "USDIDR": 14831.25,
    "USDILS": 3.308096,
    "USDIMP": 0.842337,
    "USDINR": 79.602105,
    "USDIQD": 1460.5,
    "USDIRR": 42299.999924,
    "USDISK": 137.66016,
    "USDJEP": 0.842337,
    "USDJMD": 152.469432,
    "USDJOD": 0.709027,
    "USDJPY": 135.000186,
    "USDKES": 119.197012,
    "USDKGS": 82.999678,
    "USDKHR": 4109.999911,
    "USDKMF": 482.375026,
    "USDKPW": 899.999992,
    "USDKRW": 1299.829842,
    "USDKWD": 0.30672,
    "USDKYD": 0.832753,
    "USDKZT": 476.761972,
    "USDLAK": 15235.000195,
    "USDLBP": 1525.605755,
    "USDLKR": 360.245534,
    "USDLRD": 153.550039,
    "USDLSL": 16.640474,
    "USDLTL": 2.95274,
    "USDLVL": 0.60489,
    "USDLYD": 4.880347,
    "USDMAD": 10.272497,
    "USDMDL": 19.285798,
    "USDMGA": 4174.999724,
    "USDMKD": 60.325725,
    "USDMMK": 1861.539874,
    "USDMNT": 3144.659992,
    "USDMOP": 8.079857,
    "USDMRO": 356.999828,
    "USDMUR": 45.549081,
    "USDMVR": 15.359764,
    "USDMWK": 1017.504195,
    "USDMXN": 20.264022,
    "USDMYR": 4.459051,
    "USDMZN": 63.829707,
    "USDNAD": 16.639977,
    "USDNGN": 417.969783,
    "USDNIO": 35.849572,
    "USDNOK": 9.760365,
    "USDNPR": 127.205781,
    "USDNZD": 1.591545,
    "USDOMR": 0.384971,
    "USDPAB": 0.999235,
    "USDPEN": 3.924981,
    "USDPGK": 3.520022,
    "USDPHP": 55.390498,
    "USDPKR": 224.3498,
    "USDPLN": 4.60965,
    "USDPYG": 6850.217673,
    "USDQAR": 3.640967,
    "USDRON": 4.8115,
    "USDRSD": 115.094966,
    "USDRUB": 61.875014,
    "USDRWF": 1029.5,
    "USDSAR": 3.758707,
    "USDSBD": 8.244163,
    "USDSCR": 13.315348,
    "USDSDG": 569.999515,
    "USDSEK": 10.162935,
    "USDSGD": 1.3788,
    "USDSHP": 1.377403,
    "USDSLL": 13959.99988,
    "USDSOS": 579.999879,
    "USDSRD": 23.601946,
    "USDSTD": 20697.981008,
    "USDSVC": 8.743185,
    "USDSYP": 2512.529433,
    "USDSZL": 16.640056,
    "USDTHB": 35.629768,
    "USDTJS": 10.202475,
    "USDTMT": 3.5,
    "USDTND": 3.136503,
    "USDTOP": 2.345599,
    "USDTRY": 17.941304,
    "USDTTD": 6.787367,
    "USDTWD": 30.035301,
    "USDTZS": 2331.999853,
    "USDUAH": 36.904342,
    "USDUGX": 3874.181276,
    "USDUYU": 40.640075,
    "USDUZS": 10924.999491,
    "USDVND": 23390.5,
    "USDVUV": 118.896025,
    "USDWST": 2.72097,
    "USDXAF": 643.208605,
    "USDXAG": 0.048386,
    "USDXAU": 0.000559,
    "USDXCD": 2.70255,
    "USDXDR": 0.755525,
    "USDXOF": 642.504543,
    "USDXPF": 117.35008,
    "USDYER": 250.250314,
    "USDZAR": 16.626305,
    "USDZMK": 9001.203045,
    "USDZMW": 15.988254,
    "USDZWL": 321.999592
  },
  "source": "USD",
  "success": true,
  "timestamp": 1659993760118
}