{
  "quotes": {
    "USDAED": 3.673021,
    "USDAFN": 89.797079,
    "USDALL": 114.319052,
    "USDAMD": 402.719968,
    "USDANG": 1.790745,
    "USDAOA": 432.641803,
    "USDARS": 131.124988,
    "USDAUD": 1.424116,
    "USDAWG": 1.8,
    "USDAZN": 1.699569,
    "USDBAM": 1.917574,
    "USDBBD": 2.006246,
    "USDBDT": 94.113927,
    "USDBGN": 1.90715,
    "USDBHD": 0.377025,
    "USDBIF": 2047.251352,
    "USDBMD": 1,
    "USDBND": 1.374496,
    "USDBOB": 6.830629,
    "USDBRL": 5.184104,
    "USDBSD": 0.993661,
    "USDBTC": 4.1774926e-05,
    "USDBTN": 79.276375,
    "USDBWP": 12.546195,
    "USDBYN": 2.507979,
    "USDBYR": 19600,
    "USDBZD": 2.002912,
    "USDCAD": 1.279715,
    "USDCDF": 2002.497023,
    "USDCHF": 0.95287,
    "USDCLF": 0.032941,
    "USDCLP": 908.950188,
    "USDCNY": 6.7305,
    "USDCOP": 4375.33,
    "USDCRC": 664.535645,
    "USDCUC": 1,
    "USDCUP": 26.5,
    "USDCVE": 108.118311,
    "USDCZK": 24.049396,
    "USDDJF": 176.895962,
    "USDDKK": 7.27417,
    "USDDOP": 54.034152,
    "USDDZD": 145.803016,
    "USDEGP": 18.922903,
    "USDERN": 15,
    "USDETB": 52.279197,
    "USDEUR": 0.977215,
    "USDFJD": 2.1825,
    "USDFKP": 0.842337,
    "USDGBP": 0.81899,
    "USDGEL": 2.765011,
    "USDGGP": 0.842337,
    "USDGHS": 8.421099,
    "USDGIP": 0.842337,
    "USDGMD": 53.919911,
    "USDGNF": 8600.844229,
    "USDGTQ": 7.685723,
    "USDGYD": 207.882493,
    "USDHKD": 7.849955,
    "USDHNL": 24.445632,
    "USDHRK": 7.347498,
    "USDHTG": 120.229638,
    "USDHUF": 395.460413,
    "USDIDR": 14826.05,
    "USDILS": 3.39107,
    "USDIMP": 0.842337,
    "USDINR": 79.222028,
    "USDIQD": 1450.221353,
    "USDIRR": 42299.999799,
    "USDISK": 135.349514,
    "USDJEP": 0.842337,
    "USDJMD": 152.474616,
    "USDJOD": 0.709009,
    "USDJPY": 132.813502,
    "USDKES": 118.903463,
    "USDKGS": 83.070503,
    "USDKHR": 4071.911478,
    "USDKMF": 485.24984,
    "USDKPW": 899.999992,
    "USDKRW": 1298.589904,
    "USDKWD": 0.30654,
    "USDKYD": 0.827953,
    "USDKZT": 476.690542,
    "USDLAK": 14979.531605,
    "USDLBP": 1502.551808,
    "USDLKR": 362.675648,
    "USDLRD": 153.349827,
    "USDLSL": 15.709812,
    "USDLTL": 2.95274,
    "USDLVL": 0.60489,
    "USDLYD": 4.857506,
    "USDMAD": 10.26217,
    "USDMDL": 19.177048,
    "USDMGA": 4185.791117,
    "USDMKD": 60.306878,
    "USDMMK": 1839.708785,
    "USDMNT": 3144.659992,
    "USDMOP": 8.03371,
    "USDMRO": 356.999828,
    "USDMUR": 45.348905,
    "USDMVR": 15.350219,
    "USDMWK": 1019.878316,
    "USDMXN": 20.24158,
    "USDMYR": 4.448503,
    "USDMZN": 63.830019,
    "USDNAD": 16.571903,
    "USDNGN": 415.460148,
    "USDNIO": 35.67629,
    "USDNOK": 9.67325,
    "USDNPR": 126.843522,
    "USDNZD": 1.583502,
    "USDOMR": 0.38499,
    "USDPAB": 0.99348,
    "USDPEN": 3.898721,
    "USDPGK": 3.50115,
    "USDPHP": 55.153496,
    "USDPKR": 236.981169,
    "USDPLN": 4.635565,
    "USDPYG": 6864.045732,
    "USDQAR": 3.640982,
    "USDRON": 4.820806,
    "USDRSD": 114.630118,
    "USDRUB": 60.675043,
    "USDRWF": 1020.076383,
    "USDSAR": 3.756345,
    "USDSBD": 8.197272,
    "USDSCR": 12.994825,
    "USDSDG": 450.999596,
    "USDSEK": 10.141705,
    "USDSGD": 1.378045,
    "USDSHP": 1.377403,
    "USDSLL": 13919.999733,
    "USDSOS": 584.999875,
    "USDSRD": 24.197498,
    "USDSTD": 20697.981008,
    "USDSVC": 8.693307,
    "USDSYP": 2512.529433,
    "USDSZL": 16.695609,
    "USDTHB": 36.120056,
    "USDTJS": 10.115261,
    "USDTMT": 3.5,
    "USDTND": 3.16585,
    "USDTOP": 2.33685,
    "USDTRY": 17.943503,
    "USDTTD": 6.748736,
    "USDTWD": 29.913501,
    "USDTZS": 2331.999858,
    "USDUAH": 36.645602,
    "USDUGX": 3852.802604,
    "USDUSD": 1.000268,
    "USDUYU": 41.419207,
    "USDUZS": 10837.737144,
    "USDVND": 23357.5,
    "USDVUV": 118.896025,
    "USDWST": 2.72097,
    "USDXAF": 643.186531,
    "USDXAG": 0.04979,
    "USDXAU": 0.000566,
    "USDXCD": 2.70255,
    "USDXDR": 0.754617,
    "USDXOF": 643.180225,
    "USDXPF": 118.049965,
    "USDYER": 250.250185,
    "USDZAR": 16.42502,
    "USDZMK": 9001.2023,
    "USDZMW": 16.221068,
    "USDZWL": 321.999592
  },
  "source": "USD",
  "success": true,
  "timestamp": 1659080681315
}