{
  "quotes": {
    "USDAED": 3.673104,
    "USDAFN": 91.000368,
    "USDALL": 114.903989,
    "USDAMD": 406.140403,
    "USDANG": 1.803244,
    "USDAOA": 430.204041,
    "USDARS": 132.853538,
    "USDAUD": 1.447178,
    "USDAWG": 1.8025,
    "USDAZN": 1.70397,
    "USDBAM": 1.911857,
    "USDBBD": 2.020036,
    "USDBDT": 94.727309,
    "USDBGN": 1.924471,
    "USDBHD": 0.376982,
    "USDBIF": 2042,
    "USDBMD": 1,
    "USDBND": 1.37661,
    "USDBOB": 6.878779,
    "USDBRL": 5.16605,
    "USDBSD": 1.00044,
    "USDBTC": 4.3110295e-05,
    "USDBTN": 79.184864,
    "USDBWP": 12.568441,
    "USDBYN": 2.525611,
    "USDBYR": 19600,
    "USDBZD": 2.016615,
    "USDCAD": 1.29308,
    "USDCDF": 2000.000362,
    "USDCHF": 0.961607,
    "USDCLF": 0.033274,
    "USDCLP": 918.140396,
    "USDCNY": 6.762204,
    "USDCOP": 4336.4,
    "USDCRC": 668.337976,
    "USDCUC": 1,
    "USDCUP": 26.5,
    "USDCVE": 108.850394,
    "USDCZK": 24.07895,
    "USDDJF": 177.720394,
    "USDDKK": 7.30707,
    "USDDOP": 54.350393,
    "USDDZD": 144.53604,
    "USDEGP": 19.109344,
    "USDERN": 15,
    "USDETB": 52.210392,
    "USDEUR": 0.982295,
    "USDFJD": 2.200804,
    "USDFKP": 0.842337,
    "USDGBP": 0.828329,
    "USDGEL": 2.710391,
    "USDGGP": 0.842337,
    "USDGHS": 8.62504,
    "USDGIP": 0.842337,
    "USDGMD": 54.203853,
    "USDGNF": 8800.000355,
    "USDGTQ": 7.739249,
    "USDGYD": 209.304599,
    "USDHKD": 7.85015,
    "USDHNL": 24.550389,
    "USDHRK": 7.378204,
    "USDHTG": 122.067944,
    "USDHUF": 386.60604,
    "USDIDR": 14946,
    "USDILS": 3.346625,
    "USDIMP": 0.842337,
    "USDINR": 79.647504,
    "USDIQD": 1460,
    "USDIRR": 42350.000352,
    "USDISK": 137.010386,
    "USDJEP": 0.842337,
    "USDJMD": 152.569027,
    "USDJOD": 0.70904,
    "USDJPY": 134.922504,
    "USDKES": 119.250385,
    "USDKGS": 82.995704,
    "USDKHR": 4111.000351,
    "USDKMF": 484.150384,
    "USDKPW": 899.999992,
    "USDKRW": 1303.740384,
    "USDKWD": 0.30725,
    "USDKYD": 0.8337,
    "USDKZT": 476.744868,
    "USDLAK": 15225.000349,
    "USDLBP": 1517.000349,
    "USDLKR": 360.162049,
    "USDLRD": 153.550382,
    "USDLSL": 16.803772,
    "USDLTL": 2.95274,
    "USDLVL": 0.60489,
    "USDLYD": 4.870381,
    "USDMAD": 10.346504,
    "USDMDL": 19.281525,
    "USDMGA": 4120.000347,
    "USDMKD": 60.229717,
    "USDMMK": 1852.567887,
    "USDMNT": 3144.659992,
    "USDMOP": 8.090067,
    "USDMRO": 356.999828,
    "USDMUR": 45.995974,
    "USDMVR": 15.350378,
    "USDMWK": 1025.503739,
    "USDMXN": 20.429945,
    "USDMYR": 4.456039,
    "USDMZN": 63.830377,
    "USDNAD": 16.803729,
    "USDNGN": 417.570377,
    "USDNIO": 35.875039,
    "USDNOK": 9.800165,
    "USDNPR": 126.69547,
    "USDNZD": 1.604446,
    "USDOMR": 0.384986,
    "USDPAB": 1.00044,
    "USDPEN": 3.903504,
    "USDPGK": 3.520375,
    "USDPHP": 55.495039,
    "USDPKR": 224.403704,
    "USDPLN": 4.625504,
    "USDPYG": 6858.966527,
    "USDQAR": 3.641038,
    "USDRON": 4.836204,
    "USDRSD": 115.114646,
    "USDRUB": 60.525038,
    "USDRWF": 1029,
    "USDSAR": 3.757674,
    "USDSBD": 8.250876,
    "USDSCR": 13.631855,
    "USDSDG": 570.00034,
    "USDSEK": 10.22738,
    "USDSGD": 1.38165,
    "USDSHP": 1.377404,
    "USDSLL": 13900.000339,
    "USDSOS": 581.503667,
    "USDSRD": 25.152504,
    "USDSTD": 20697.981008,
    "USDSVC": 8.754337,
    "USDSYP": 2512.529433,
    "USDSZL": 16.803655,
    "USDTHB": 35.752038,
    "USDTJS": 10.23607,
    "USDTMT": 3.51,
    "USDTND": 3.154038,
    "USDTOP": 2.334104,
    "USDTRY": 17.912604,
    "USDTTD": 6.793725,
    "USDTWD": 29.958804,
    "USDTZS": 2333.000336,
    "USDUAH": 36.954154,
    "USDUGX": 3881.737771,
    "USDUYU": 40.946968,
    "USDUZS": 10915.000335,
    "USDVND": 23390,
    "USDVUV": 118.896025,
    "USDWST": 2.72097,
    "USDXAF": 641.196653,
    "USDXAG": 0.050278,
    "USDXAU": 0.000563,
    "USDXCD": 2.70255,
    "USDXDR": 0.757854,
    "USDXOF": 644.000332,
    "USDXPF": 117.625037,
    "USDYER": 250.250364,
    "USDZAR": 16.785855,
    "USDZMK": 9001.203593,
    "USDZMW": 16.119728,
    "USDZWL": 321.999592
  },
  "source": "USD",
  "success": true,
  "timestamp": 1659757907664
}