{
  "quotes": {
    "USDAED": 3.673042,
    "USDAFN": 86.632944,
    "USDALL": 117.213402,
    "USDAMD": 388.130415,
    "USDANG": 1.768618,
    "USDAOA": 488.23645,
    "USDARS": 157.959133,
    "USDAUD": 1.546312,
    "USDAWG": 1.8025,
    "USDAZN": 1.70397,
    "USDBAM": 1.959062,
    "USDBBD": 1.981369,
    "USDBDT": 100.783092,
    "USDBGN": 1.960034,
    "USDBHD": 0.36991,
    "USDBIF": 2029.568789,
    "USDBMD": 1,
    "USDBND": 1.386588,
    "USDBOB": 6.780989,
    "USDBRL": 5.046126,
    "USDBSD": 0.981319,
    "USDBTC": 4.6875974e-05,
    "USDBTN": 80.700957,
    "USDBWP": 13.172334,
    "USDBYN": 2.47849,
    "USDBYR": 19600,
    "USDBZD": 1.978064,
    "USDCAD": 1.34795,
    "USDCDF": 2044.000362,
    "USDCHF": 0.99811,
    "USDCLF": 0.033587,
    "USDCLP": 926.760396,
    "USDCNY": 7.185104,
    "USDCOP": 4974.207442,
    "USDCRC": 609.766114,
    "USDCUC": 1,
    "USDCUP": 26.5,
    "USDCVE": 110.447238,
    "USDCZK": 24.49304,
    "USDDJF": 174.698252,
    "USDDKK": 7.472704,
    "USDDOP": 53.080583,
    "USDDZD": 139.941904,
    "USDEGP": 23.797366,
    "USDERN": 15,
    "USDETB": 52.38193,
    "USDEUR": 1.00165,
    "USDFJD": 2.27645,
    "USDFKP": 0.882525,
    "USDGBP": 0.878928,
    "USDGEL": 2.73504,
    "USDGGP": 0.882525,
    "USDGHS": 13.836831,
    "USDGIP": 0.882525,
    "USDGMD": 61.15039,
    "USDGNF": 8457.154305,
    "USDGTQ": 7.674062,
    "USDGYD": 205.228627,
    "USDHKD": 7.849704,
    "USDHNL": 24.254019,
    "USDHRK": 7.56604,
    "USDHTG": 128.485,
    "USDHUF": 404.070388,
    "USDIDR": 15614.6,
    "USDILS": 3.548604,
    "USDIMP": 0.882525,
    "USDINR": 81.982504,
    "USDIQD": 1432.273251,
    "USDIRR": 42350.000352,
    "USDISK": 146.110386,
    "USDJEP": 0.882525,
    "USDJMD": 150.993139,
    "USDJOD": 0.709504,
    "USDJPY": 146.60504,
    "USDKES": 119.232133,
    "USDKGS": 83.998104,
    "USDKHR": 4064.706766,
    "USDKMF": 497.550384,
    "USDKPW": 899.999862,
    "USDKRW": 1404.110384,
    "USDKWD": 0.30982,
    "USDKYD": 0.817749,
    "USDKZT": 456.383032,
    "USDLAK": 17007.061652,
    "USDLBP": 1483.748185,
    "USDLKR": 357.696399,
    "USDLRD": 153.775039,
    "USDLSL": 18.390382,
    "USDLTL": 2.95274,
    "USDLVL": 0.60489,
    "USDLYD": 4.929634,
    "USDMAD": 10.818751,
    "USDMDL": 18.988832,
    "USDMGA": 4205.01828,
    "USDMKD": 61.716833,
    "USDMMK": 2060.802023,
    "USDMNT": 3359.775161,
    "USDMOP": 7.934492,
    "USDMRO": 356.999828,
    "USDMUR": 44.553513,
    "USDMVR": 15.430378,
    "USDMWK": 1007.246957,
    "USDMXN": 19.525804,
    "USDMYR": 4.748039,
    "USDMZN": 63.830377,
    "USDNAD": 18.195039,
    "USDNGN": 439.380377,
    "USDNIO": 35.323283,
    "USDNOK": 10.228504,
    "USDNPR": 129.12105,
    "USDNZD": 1.688191,
    "USDOMR": 0.377823,
    "USDPAB": 0.981319,
    "USDPEN": 3.898232,
    "USDPGK": 3.457805,
    "USDPHP": 58.330375,
    "USDPKR": 217.856163,
    "USDPLN": 4.70535,
    "USDPYG": 7120.24841,
    "USDQAR": 3.641038,
    "USDRON": 4.907704,
    "USDRSD": 117.810373,
    "USDRUB": 62.000341,
    "USDRWF": 1048.209546,
    "USDSAR": 3.749887,
    "USDSBD": 8.230592,
    "USDSCR": 12.57575,
    "USDSDG": 568.503678,
    "USDSEK": 10.896704,
    "USDSGD": 1.402804,
    "USDSHP": 1.377404,
    "USDSLL": 17655.000339,
    "USDSOS": 568.000338,
    "USDSRD": 29.795038,
    "USDSTD": 20697.981008,
    "USDSVC": 8.586167,
    "USDSYP": 2512.530034,
    "USDSZL": 17.817599,
    "USDTHB": 37.29037,
    "USDTJS": 9.926178,
    "USDTMT": 3.51,
    "USDTND": 3.240369,
    "USDTOP": 2.42945,
    "USDTRY": 18.568504,
    "USDTTD": 6.658186,
    "USDTWD": 32.014038,
    "USDTZS": 2288.475985,
    "USDUAH": 36.059098,
    "USDUGX": 3714.328642,
    "USDUYU": 39.788651,
    "USDUZS": 10924.615616,
    "USDVND": 24873.5,
    "USDVUV": 125.149891,
    "USDWST": 2.844937,
    "USDXAF": 657.041118,
    "USDXAG": 0.047995,
    "USDXAU": 0.000595,
    "USDXCD": 2.70255,
    "USDXDR": 0.770772,
    "USDXOF": 657.041118,
    "USDXPF": 121.050364,
    "USDYER": 250.250364,
    "USDZAR": 17.90374,
    "USDZMK": 9001.203593,
    "USDZMW": 15.959433,
    "USDZWL": 321.999592,
    "USDUSD": 1
  },
  "source": "USD",
  "success": true,
  "timestamp": 1667643474718
}