{
  "quotes": {
    "USDAED": 3.673104,
    "USDAFN": 88.392802,
    "USDALL": 120.682498,
    "USDAMD": 413.804913,
    "USDANG": 1.803415,
    "USDAOA": 431.25785,
    "USDARS": 146.253307,
    "USDAUD": 1.541685,
    "USDAWG": 1.8,
    "USDAZN": 1.697124,
    "USDBAM": 2.029796,
    "USDBBD": 2.020218,
    "USDBDT": 100.92179,
    "USDBGN": 2.029498,
    "USDBHD": 0.376973,
    "USDBIF": 2066.277127,
    "USDBMD": 1,
    "USDBND": 1.436281,
    "USDBOB": 6.913529,
    "USDBRL": 5.390797,
    "USDBSD": 1.000592,
    "USDBTC": 4.9819435e-05,
    "USDBTN": 81.567209,
    "USDBWP": 13.394325,
    "USDBYN": 2.525505,
    "USDBYR": 19600,
    "USDBZD": 2.016793,
    "USDCAD": 1.36895,
    "USDCDF": 2045.000061,
    "USDCHF": 0.991655,
    "USDCLF": 0.036024,
    "USDCLP": 994.010199,
    "USDCNY": 7.163502,
    "USDCOP": 4541.61,
    "USDCRC": 632.428337,
    "USDCUC": 1,
    "USDCUP": 26.5,
    "USDCVE": 114.433824,
    "USDCZK": 25.552199,
    "USDDJF": 178.126265,
    "USDDKK": 7.715865,
    "USDDOP": 53.708201,
    "USDDZD": 140.558573,
    "USDEGP": 19.50759,
    "USDERN": 15,
    "USDETB": 52.861635,
    "USDEUR": 1.037399,
    "USDFJD": 2.297301,
    "USDFKP": 0.864596,
    "USDGBP": 0.92836,
    "USDGEL": 2.824969,
    "USDGGP": 0.864596,
    "USDGHS": 10.305433,
    "USDGIP": 0.864596,
    "USDGMD": 54.750196,
    "USDGNF": 8645.709008,
    "USDGTQ": 7.842917,
    "USDGYD": 209.319703,
    "USDHKD": 7.84975,
    "USDHNL": 24.700583,
    "USDHRK": 7.811102,
    "USDHTG": 119.065312,
    "USDHUF": 422.774994,
    "USDIDR": 15152,
    "USDILS": 3.51534,
    "USDIMP": 0.864596,
    "USDINR": 81.350504,
    "USDIQD": 1460.312189,
    "USDIRR": 42349.999954,
    "USDISK": 143.929941,
    "USDJEP": 0.864596,
    "USDJMD": 151.901322,
    "USDJOD": 0.708985,
    "USDJPY": 144.548984,
    "USDKES": 120.659918,
    "USDKGS": 81.474598,
    "USDKHR": 4151.712972,
    "USDKMF": 508.65036,
    "USDKPW": 900.000045,
    "USDKRW": 1427.815039,
    "USDKWD": 0.31075,
    "USDKYD": 0.833705,
    "USDKZT": 478.521686,
    "USDLAK": 16234.016938,
    "USDLBP": 1512.978319,
    "USDLKR": 362.701345,
    "USDLRD": 154.000023,
    "USDLSL": 17.950449,
    "USDLTL": 2.95274,
    "USDLVL": 0.60489,
    "USDLYD": 5.009185,
    "USDMAD": 10.950641,
    "USDMDL": 19.560678,
    "USDMGA": 4232.312434,
    "USDMKD": 63.945162,
    "USDMMK": 2101.144438,
    "USDMNT": 3224.442056,
    "USDMOP": 8.089817,
    "USDMRO": 356.999828,
    "USDMUR": 44.097053,
    "USDMVR": 15.450235,
    "USDMWK": 1027.049665,
    "USDMXN": 20.340565,
    "USDMYR": 4.611496,
    "USDMZN": 63.830271,
    "USDNAD": 17.949605,
    "USDNGN": 430.979957,
    "USDNIO": 35.959814,
    "USDNOK": 10.75996,
    "USDNPR": 130.51041,
    "USDNZD": 1.75959,
    "USDOMR": 0.385014,
    "USDPAB": 1.000457,
    "USDPEN": 3.912989,
    "USDPGK": 3.526164,
    "USDPHP": 58.982973,
    "USDPKR": 235.630812,
    "USDPLN": 4.93165,
    "USDPYG": 7009.745415,
    "USDQAR": 3.641026,
    "USDRON": 5.126602,
    "USDRSD": 121.770277,
    "USDRUB": 58.625029,
    "USDRWF": 1058.726452,
    "USDSAR": 3.760581,
    "USDSBD": 8.176752,
    "USDSCR": 13.84218,
    "USDSDG": 577.499446,
    "USDSEK": 11.296675,
    "USDSGD": 1.435825,
    "USDSHP": 1.377395,
    "USDSLL": 15204.999864,
    "USDSOS": 567.493041,
    "USDSRD": 27.465961,
    "USDSTD": 20697.981008,
    "USDSVC": 8.754359,
    "USDSYP": 2512.530318,
    "USDSZL": 18.105073,
    "USDTHB": 37.948018,
    "USDTJS": 9.869809,
    "USDTMT": 3.51,
    "USDTND": 3.282502,
    "USDTOP": 2.428297,
    "USDTRY": 18.45933,
    "USDTTD": 6.805808,
    "USDTWD": 31.804798,
    "USDTZS": 2330.565964,
    "USDUAH": 36.774508,
    "USDUGX": 3845.052151,
    "USDUYU": 40.66502,
    "USDUZS": 11054.300333,
    "USDVND": 23735,
    "USDVUV": 118.961877,
    "USDWST": 2.725578,
    "USDXAF": 680.841767,
    "USDXAG": 0.053908,
    "USDXAU": 0.000613,
    "USDXCD": 2.70255,
    "USDXDR": 0.781709,
    "USDXOF": 680.785238,
    "USDXPF": 123.549846,
    "USDYER": 250.374995,
    "USDZAR": 18.002395,
    "USDZMK": 9001.196918,
    "USDZMW": 15.733931,
    "USDZWL": 321.999592,
    "USDUSD": 1
  },
  "source": "USD",
  "success": true,
  "timestamp": 1664254487531
}