{
  "quotes": {
    "USDAED": 3.673012,
    "USDAFN": 89.999791,
    "USDALL": 112.593911,
    "USDAMD": 407.710176,
    "USDANG": 1.804927,
    "USDAOA": 432.641803,
    "USDARS": 131.231435,
    "USDAUD": 1.4406,
    "USDAWG": 1.7975,
    "USDAZN": 1.699969,
    "USDBAM": 1.912624,
    "USDBBD": 2.02212,
    "USDBDT": 94.816691,
    "USDBGN": 1.92559,
    "USDBHD": 0.376991,
    "USDBIF": 2037,
    "USDBMD": 1,
    "USDBND": 1.380808,
    "USDBOB": 6.895334,
    "USDBRL": 5.194903,
    "USDBSD": 1.001477,
    "USDBTC": 4.1497934e-05,
    "USDBTN": 79.341965,
    "USDBWP": 12.518703,
    "USDBYN": 2.528384,
    "USDBYR": 19600,
    "USDBZD": 2.018698,
    "USDCAD": 1.283085,
    "USDCDF": 2002.456022,
    "USDCHF": 0.95666,
    "USDCLF": 0.03284,
    "USDCLP": 906.101488,
    "USDCNY": 6.749503,
    "USDCOP": 4338.5,
    "USDCRC": 669.789456,
    "USDCUC": 1,
    "USDCUP": 26.5,
    "USDCVE": 104.349722,
    "USDCZK": 24.226018,
    "USDDJF": 178.292375,
    "USDDKK": 7.32626,
    "USDDOP": 54.649705,
    "USDDZD": 145.850045,
    "USDEGP": 18.918697,
    "USDERN": 15,
    "USDETB": 51.909639,
    "USDEUR": 0.984165,
    "USDFJD": 2.200298,
    "USDFKP": 0.842337,
    "USDGBP": 0.827101,
    "USDGEL": 2.940136,
    "USDGGP": 0.842337,
    "USDGHS": 7.950269,
    "USDGIP": 0.842337,
    "USDGMD": 54.090105,
    "USDGNF": 8820.000244,
    "USDGTQ": 7.749049,
    "USDGYD": 209.52679,
    "USDHKD": 7.85065,
    "USDHNL": 24.550271,
    "USDHRK": 7.397296,
    "USDHTG": 117.175016,
    "USDHUF": 398.429792,
    "USDIDR": 14877.05,
    "USDILS": 3.408095,
    "USDIMP": 0.842337,
    "USDINR": 79.37315,
    "USDIQD": 1460,
    "USDIRR": 42350.000359,
    "USDISK": 136.110223,
    "USDJEP": 0.842337,
    "USDJMD": 153.775218,
    "USDJOD": 0.709002,
    "USDJPY": 133.975027,
    "USDKES": 118.901827,
    "USDKGS": 83.173993,
    "USDKHR": 4066.000176,
    "USDKMF": 464.624996,
    "USDKPW": 899.999992,
    "USDKRW": 1306.969411,
    "USDKWD": 0.30655,
    "USDKYD": 0.834548,
    "USDKZT": 477.874808,
    "USDLAK": 14874.999559,
    "USDLBP": 1517.000427,
    "USDLKR": 358.525118,
    "USDLRD": 152.496955,
    "USDLSL": 15.840195,
    "USDLTL": 2.95274,
    "USDLVL": 0.60489,
    "USDLYD": 4.809773,
    "USDMAD": 10.047501,
    "USDMDL": 19.338933,
    "USDMGA": 4064.500068,
    "USDMKD": 60.253865,
    "USDMMK": 1854.270235,
    "USDMNT": 3144.659992,
    "USDMOP": 8.097497,
    "USDMRO": 356.999828,
    "USDMUR": 44.696586,
    "USDMVR": 15.420197,
    "USDMWK": 1019.504285,
    "USDMXN": 20.31274,
    "USDMYR": 4.450506,
    "USDMZN": 63.830194,
    "USDNAD": 15.839803,
    "USDNGN": 415.869912,
    "USDNIO": 35.859698,
    "USDNOK": 9.72283,
    "USDNPR": 126.947261,
    "USDNZD": 1.602195,
    "USDOMR": 0.384993,
    "USDPAB": 1.001477,
    "USDPEN": 3.775037,
    "USDPGK": 3.519853,
    "USDPHP": 55.355502,
    "USDPKR": 207.096778,
    "USDPLN": 4.66438,
    "USDPYG": 6905.895814,
    "USDQAR": 3.640996,
    "USDRON": 4.854501,
    "USDRSD": 115.47998,
    "USDRUB": 63.557498,
    "USDRWF": 1023.5,
    "USDSAR": 3.756298,
    "USDSBD": 8.159969,
    "USDSCR": 14.048623,
    "USDSDG": 456.530447,
    "USDSEK": 10.22421,
    "USDSGD": 1.38471,
    "USDSHP": 1.377403,
    "USDSLL": 13170.000336,
    "USDSOS": 583.000051,
    "USDSRD": 24.220991,
    "USDSTD": 20697.981008,
    "USDSVC": 8.763043,
    "USDSYP": 2512.529433,
    "USDSZL": 15.839638,
    "USDTHB": 36.393994,
    "USDTJS": 10.190203,
    "USDTMT": 3.51,
    "USDTND": 3.063502,
    "USDTOP": 2.33685,
    "USDTRY": 17.904901,
    "USDTTD": 6.80214,
    "USDTWD": 30.044301,
    "USDTZS": 2333.746044,
    "USDUAH": 36.967602,
    "USDUGX": 3865.772206,
    "USDUSD": 1.000268,
    "USDUYU": 41.592427,
    "USDUZS": 10834.99983,
    "USDVND": 23340,
    "USDVUV": 118.896025,
    "USDWST": 2.72097,
    "USDXAF": 641.460004,
    "USDXAG": 0.049847,
    "USDXAU": 0.000569,
    "USDXCD": 2.70255,
    "USDXDR": 0.760512,
    "USDXOF": 619.562923,
    "USDXPF": 113.149823,
    "USDYER": 250.249877,
    "USDZAR": 16.594595,
    "USDZMK": 9001.203112,
    "USDZMW": 16.361983,
    "USDZWL": 321.999592
  },
  "source": "USD",
  "success": true,
  "timestamp": 1659104140198
}