{
  "quotes": {
    "USDAED": 3.673104,
    "USDAFN": 88.371051,
    "USDALL": 116.662932,
    "USDAMD": 403.236488,
    "USDANG": 1.805064,
    "USDAOA": 428.825904,
    "USDARS": 136.020016,
    "USDAUD": 1.454757,
    "USDAWG": 1.8,
    "USDAZN": 1.70397,
    "USDBAM": 1.947698,
    "USDBBD": 2.022257,
    "USDBDT": 95.160405,
    "USDBGN": 1.947668,
    "USDBHD": 0.376727,
    "USDBIF": 2065.237633,
    "USDBMD": 1,
    "USDBND": 1.392586,
    "USDBOB": 6.925984,
    "USDBRL": 5.167625,
    "USDBSD": 1.001618,
    "USDBTC": 4.7175063e-05,
    "USDBTN": 79.871138,
    "USDBWP": 12.808026,
    "USDBYN": 2.527547,
    "USDBYR": 19600,
    "USDBZD": 2.018871,
    "USDCAD": 1.29925,
    "USDCDF": 2000.000362,
    "USDCHF": 0.958587,
    "USDCLF": 0.033712,
    "USDCLP": 930.220629,
    "USDCNY": 6.817104,
    "USDCOP": 4396.84318,
    "USDCRC": 655.821943,
    "USDCUC": 1,
    "USDCUP": 26.5,
    "USDCVE": 109.806558,
    "USDCZK": 24.52704,
    "USDDJF": 178.305574,
    "USDDKK": 7.405804,
    "USDDOP": 53.860134,
    "USDDZD": 141.536087,
    "USDEGP": 19.139094,
    "USDERN": 15,
    "USDETB": 52.806732,
    "USDEUR": 0.995835,
    "USDFJD": 2.20365,
    "USDFKP": 0.823605,
    "USDGBP": 0.845344,
    "USDGEL": 2.78504,
    "USDGGP": 0.823605,
    "USDGHS": 9.765429,
    "USDGIP": 0.823605,
    "USDGMD": 54.303853,
    "USDGNF": 8643.214579,
    "USDGTQ": 7.752234,
    "USDGYD": 209.66465,
    "USDHKD": 7.84586,
    "USDHNL": 24.641123,
    "USDHRK": 7.484804,
    "USDHTG": 129.70548,
    "USDHUF": 402.58904,
    "USDIDR": 14875.4,
    "USDILS": 3.27672,
    "USDIMP": 0.823605,
    "USDINR": 79.925504,
    "USDIQD": 1461.806956,
    "USDIRR": 42300.000352,
    "USDISK": 140.360386,
    "USDJEP": 0.823605,
    "USDJMD": 151.574178,
    "USDJOD": 0.70904,
    "USDJPY": 136.900504,
    "USDKES": 119.989743,
    "USDKGS": 80.980385,
    "USDKHR": 4108.447233,
    "USDKMF": 490.550384,
    "USDKPW": 900.00035,
    "USDKRW": 1335.860384,
    "USDKWD": 0.30765,
    "USDKYD": 0.834615,
    "USDKZT": 477.307242,
    "USDLAK": 15272.636742,
    "USDLBP": 1514.576643,
    "USDLKR": 360.570219,
    "USDLRD": 153.603775,
    "USDLSL": 17.010382,
    "USDLTL": 2.95274,
    "USDLVL": 0.60489,
    "USDLYD": 4.891677,
    "USDMAD": 10.397092,
    "USDMDL": 19.270446,
    "USDMGA": 4211.666293,
    "USDMKD": 61.358827,
    "USDMMK": 2103.325317,
    "USDMNT": 3194.961563,
    "USDMOP": 8.094008,
    "USDMRO": 356.999828,
    "USDMUR": 45.978042,
    "USDMVR": 15.370378,
    "USDMWK": 1028.060846,
    "USDMXN": 20.179704,
    "USDMYR": 4.476504,
    "USDMZN": 63.830377,
    "USDNAD": 17.010377,
    "USDNGN": 420.330377,
    "USDNIO": 35.996714,
    "USDNOK": 9.813985,
    "USDNPR": 127.793462,
    "USDNZD": 1.620089,
    "USDOMR": 0.384774,
    "USDPAB": 1.001519,
    "USDPEN": 3.851122,
    "USDPGK": 3.529166,
    "USDPHP": 55.950375,
    "USDPKR": 215.991436,
    "USDPLN": 4.731874,
    "USDPYG": 6889.436602,
    "USDQAR": 3.641038,
    "USDRON": 4.863304,
    "USDRSD": 116.793388,
    "USDRUB": 59.50369,
    "USDRWF": 1032.051186,
    "USDSAR": 3.75574,
    "USDSBD": 8.210319,
    "USDSCR": 13.000722,
    "USDSDG": 569.503678,
    "USDSEK": 10.588575,
    "USDSGD": 1.391204,
    "USDSHP": 1.377404,
    "USDSLL": 14001.000339,
    "USDSOS": 570.000338,
    "USDSRD": 24.425038,
    "USDSTD": 20697.981008,
    "USDSVC": 8.763413,
    "USDSYP": 2512.53037,
    "USDSZL": 17.043244,
    "USDTHB": 35.71037,
    "USDTJS": 10.236164,
    "USDTMT": 3.5,
    "USDTND": 3.185504,
    "USDTOP": 2.342304,
    "USDTRY": 18.087104,
    "USDTTD": 6.791744,
    "USDTWD": 30.115504,
    "USDTZS": 2335.688501,
    "USDUAH": 36.793388,
    "USDUGX": 3851.121567,
    "USDUYU": 40.454104,
    "USDUZS": 10934.319217,
    "USDVND": 23405,
    "USDVUV": 116.056079,
    "USDWST": 2.66746,
    "USDXAF": 653.229766,
    "USDXAG": 0.052507,
    "USDXAU": 0.000572,
    "USDXCD": 2.70255,
    "USDXDR": 0.760525,
    "USDXOF": 653.229766,
    "USDXPF": 119.250364,
    "USDYER": 250.250364,
    "USDZAR": 17.016404,
    "USDZMK": 9001.203593,
    "USDZMW": 16.150571,
    "USDZWL": 321.999592,
    "USDUSD": 1
  },
  "source": "USD",
  "success": true,
  "timestamp": 1661062635537
}