{
  "quotes": {
    "USDAED": 3.673103,
    "USDAFN": 90.505413,
    "USDALL": 114.050103,
    "USDAMD": 405.950663,
    "USDANG": 1.804784,
    "USDAOA": 431.142097,
    "USDARS": 132.633151,
    "USDAUD": 1.43582,
    "USDAWG": 1.795,
    "USDAZN": 1.697909,
    "USDBAM": 1.921474,
    "USDBBD": 2.021811,
    "USDBDT": 94.854395,
    "USDBGN": 1.910143,
    "USDBHD": 0.377007,
    "USDBIF": 2041,
    "USDBMD": 1,
    "USDBND": 1.380469,
    "USDBOB": 6.874128,
    "USDBRL": 5.212501,
    "USDBSD": 1.001326,
    "USDBTC": 4.4213479e-05,
    "USDBTN": 79.406656,
    "USDBWP": 12.62708,
    "USDBYN": 2.527901,
    "USDBYR": 19600,
    "USDBZD": 2.018372,
    "USDCAD": 1.28675,
    "USDCDF": 1999.999484,
    "USDCHF": 0.955022,
    "USDCLF": 0.032704,
    "USDCLP": 902.443978,
    "USDCNY": 6.749298,
    "USDCOP": 4306,
    "USDCRC": 669.185047,
    "USDCUC": 1,
    "USDCUP": 26.5,
    "USDCVE": 108.595042,
    "USDCZK": 23.989599,
    "USDDJF": 177.719604,
    "USDDKK": 7.262601,
    "USDDOP": 54.398309,
    "USDDZD": 144.665007,
    "USDEGP": 19.129699,
    "USDERN": 15,
    "USDETB": 52.150193,
    "USDEUR": 0.975835,
    "USDFJD": 2.1897,
    "USDFKP": 0.842337,
    "USDGBP": 0.82249,
    "USDGEL": 2.719674,
    "USDGGP": 0.842337,
    "USDGHS": 8.624945,
    "USDGIP": 0.842337,
    "USDGMD": 54.798164,
    "USDGNF": 8799.999514,
    "USDGTQ": 7.745688,
    "USDGYD": 209.490593,
    "USDHKD": 7.84973,
    "USDHNL": 24.545007,
    "USDHRK": 7.330696,
    "USDHTG": 118.163106,
    "USDHUF": 385.580468,
    "USDIDR": 14889.9,
    "USDILS": 3.345275,
    "USDIMP": 0.842337,
    "USDINR": 79.15515,
    "USDIQD": 1460,
    "USDIRR": 42299.99986,
    "USDISK": 135.319893,
    "USDJEP": 0.842337,
    "USDJMD": 153.182752,
    "USDJOD": 0.70901,
    "USDJPY": 132.926499,
    "USDKES": 119.198448,
    "USDKGS": 83.018038,
    "USDKHR": 4109.999762,
    "USDKMF": 480.602867,
    "USDKPW": 899.999992,
    "USDKRW": 1302.890397,
    "USDKWD": 0.306702,
    "USDKYD": 0.834398,
    "USDKZT": 477.875585,
    "USDLAK": 15229.999925,
    "USDLBP": 1517.478575,
    "USDLKR": 360.506003,
    "USDLRD": 153.498755,
    "USDLSL": 16.610325,
    "USDLTL": 2.95274,
    "USDLVL": 0.60489,
    "USDLYD": 4.875006,
    "USDMAD": 10.291979,
    "USDMDL": 19.325264,
    "USDMGA": 4170.000374,
    "USDMKD": 60.123927,
    "USDMMK": 1854.119693,
    "USDMNT": 3144.659992,
    "USDMOP": 8.096621,
    "USDMRO": 356.999828,
    "USDMUR": 44.64656,
    "USDMVR": 15.350166,
    "USDMWK": 1025.999803,
    "USDMXN": 20.339016,
    "USDMYR": 4.457969,
    "USDMZN": 63.829677,
    "USDNAD": 16.610232,
    "USDNGN": 417.190249,
    "USDNIO": 35.849555,
    "USDNOK": 9.730103,
    "USDNPR": 127.052015,
    "USDNZD": 1.58764,
    "USDOMR": 0.385017,
    "USDPAB": 1.001326,
    "USDPEN": 3.88701,
    "USDPGK": 3.525033,
    "USDPHP": 55.614979,
    "USDPKR": 227.210374,
    "USDPLN": 4.59465,
    "USDPYG": 6872.012537,
    "USDQAR": 3.641015,
    "USDRON": 4.808599,
    "USDRSD": 114.50498,
    "USDRUB": 61.492106,
    "USDRWF": 1028,
    "USDSAR": 3.756082,
    "USDSBD": 8.237372,
    "USDSCR": 13.151089,
    "USDSDG": 569.999743,
    "USDSEK": 10.111305,
    "USDSGD": 1.376255,
    "USDSHP": 1.377403,
    "USDSLL": 13850.00038,
    "USDSOS": 579.000245,
    "USDSRD": 24.820499,
    "USDSTD": 20697.981008,
    "USDSVC": 8.761605,
    "USDSYP": 2512.529433,
    "USDSZL": 16.610231,
    "USDTHB": 35.829952,
    "USDTJS": 10.243349,
    "USDTMT": 3.51,
    "USDTND": 3.1513,
    "USDTOP": 2.340097,
    "USDTRY": 17.928497,
    "USDTTD": 6.785479,
    "USDTWD": 29.959897,
    "USDTZS": 2332.000447,
    "USDUAH": 36.799525,
    "USDUGX": 3885.111901,
    "USDUYU": 41.086859,
    "USDUZS": 10940.000604,
    "USDVND": 23398,
    "USDVUV": 118.896025,
    "USDWST": 2.72097,
    "USDXAF": 644.481998,
    "USDXAG": 0.049496,
    "USDXAU": 0.000558,
    "USDXCD": 2.70255,
    "USDXDR": 0.758004,
    "USDXOF": 643.473951,
    "USDXPF": 116.880167,
    "USDYER": 250.25015,
    "USDZAR": 16.615904,
    "USDZMK": 9001.1841,
    "USDZMW": 16.056236,
    "USDZWL": 321.999592
  },
  "source": "USD",
  "success": true,
  "timestamp": 1659653758527
}