{
  "quotes": {
    "USDAED": 3.67302,
    "USDAFN": 89.000368,
    "USDALL": 116.750403,
    "USDAMD": 405.150403,
    "USDANG": 1.802658,
    "USDAOA": 428.825904,
    "USDARS": 136.082057,
    "USDAUD": 1.455045,
    "USDAWG": 1.8,
    "USDAZN": 1.70397,
    "USDBAM": 1.945122,
    "USDBBD": 2.019582,
    "USDBDT": 95.03359,
    "USDBGN": 1.949128,
    "USDBHD": 0.376727,
    "USDBIF": 2045,
    "USDBMD": 1,
    "USDBND": 1.39073,
    "USDBOB": 6.916823,
    "USDBRL": 5.169904,
    "USDBSD": 1.000293,
    "USDBTC": 4.732596e-05,
    "USDBTN": 79.764698,
    "USDBWP": 12.791085,
    "USDBYN": 2.524204,
    "USDBYR": 19600,
    "USDBZD": 2.016201,
    "USDCAD": 1.29895,
    "USDCDF": 2000.000362,
    "USDCHF": 0.958655,
    "USDCLF": 0.03423,
    "USDCLP": 944.503912,
    "USDCNY": 6.817104,
    "USDCOP": 4387.33,
    "USDCRC": 654.954476,
    "USDCUC": 1,
    "USDCUP": 26.5,
    "USDCVE": 110.230394,
    "USDCZK": 24.546204,
    "USDDJF": 177.720394,
    "USDDKK": 7.405704,
    "USDDOP": 53.650393,
    "USDDZD": 141.536087,
    "USDEGP": 19.139094,
    "USDERN": 15,
    "USDETB": 52.350392,
    "USDEUR": 0.995835,
    "USDFJD": 2.217504,
    "USDFKP": 0.823605,
    "USDGBP": 0.845405,
    "USDGEL": 2.78504,
    "USDGGP": 0.823605,
    "USDGHS": 9.75039,
    "USDGIP": 0.823605,
    "USDGMD": 54.303853,
    "USDGNF": 8747.503851,
    "USDGTQ": 7.741903,
    "USDGYD": 209.387323,
    "USDHKD": 7.846045,
    "USDHNL": 24.610389,
    "USDHRK": 7.484804,
    "USDHTG": 129.532628,
    "USDHUF": 402.52904,
    "USDIDR": 14875.4,
    "USDILS": 3.27672,
    "USDIMP": 0.823605,
    "USDINR": 79.918104,
    "USDIQD": 1460,
    "USDIRR": 42300.000352,
    "USDISK": 140.360386,
    "USDJEP": 0.823605,
    "USDJMD": 151.372182,
    "USDJOD": 0.70904,
    "USDJPY": 136.860504,
    "USDKES": 119.803804,
    "USDKGS": 80.980385,
    "USDKHR": 4115.000351,
    "USDKMF": 490.550384,
    "USDKPW": 900.00035,
    "USDKRW": 1335.860384,
    "USDKWD": 0.30765,
    "USDKYD": 0.833512,
    "USDKZT": 476.675899,
    "USDLAK": 15265.000349,
    "USDLBP": 1516.865411,
    "USDLKR": 360.089705,
    "USDLRD": 153.603775,
    "USDLSL": 17.010382,
    "USDLTL": 2.95274,
    "USDLVL": 0.60489,
    "USDLYD": 4.875039,
    "USDMAD": 10.403039,
    "USDMDL": 19.244957,
    "USDMGA": 4125.000347,
    "USDMKD": 61.277666,
    "USDMMK": 2100.522319,
    "USDMNT": 3194.961563,
    "USDMOP": 8.083221,
    "USDMRO": 356.999828,
    "USDMUR": 45.978042,
    "USDMVR": 15.370378,
    "USDMWK": 1021.503739,
    "USDMXN": 20.18005,
    "USDMYR": 4.476504,
    "USDMZN": 63.830377,
    "USDNAD": 17.010377,
    "USDNGN": 420.330377,
    "USDNIO": 35.9491,
    "USDNOK": 9.816085,
    "USDNPR": 127.623158,
    "USDNZD": 1.620089,
    "USDOMR": 0.384774,
    "USDPAB": 1.000194,
    "USDPEN": 3.857504,
    "USDPGK": 3.515039,
    "USDPHP": 55.967504,
    "USDPKR": 214.865038,
    "USDPLN": 4.731537,
    "USDPYG": 6880.255392,
    "USDQAR": 3.641038,
    "USDRON": 4.863304,
    "USDRSD": 116.823635,
    "USDRUB": 59.50369,
    "USDRWF": 1034.5,
    "USDSAR": 3.755913,
    "USDSBD": 8.210319,
    "USDSCR": 13.000722,
    "USDSDG": 569.503678,
    "USDSEK": 10.587135,
    "USDSGD": 1.391225,
    "USDSHP": 1.377404,
    "USDSLL": 14001.000339,
    "USDSOS": 570.000338,
    "USDSRD": 24.425038,
    "USDSTD": 20697.981008,
    "USDSVC": 8.751821,
    "USDSYP": 2512.53037,
    "USDSZL": 17.01037,
    "USDTHB": 35.71037,
    "USDTJS": 10.222624,
    "USDTMT": 3.5,
    "USDTND": 3.185504,
    "USDTOP": 2.342304,
    "USDTRY": 18.087104,
    "USDTTD": 6.782761,
    "USDTWD": 30.115504,
    "USDTZS": 2332.000336,
    "USDUAH": 36.74472,
    "USDUGX": 3846.027618,
    "USDUYU": 40.400193,
    "USDUZS": 10940.000335,
    "USDVND": 23405,
    "USDVUV": 116.056079,
    "USDWST": 2.66746,
    "USDXAF": 652.359239,
    "USDXAG": 0.052507,
    "USDXAU": 0.000572,
    "USDXCD": 2.70255,
    "USDXDR": 0.759511,
    "USDXOF": 649.503602,
    "USDXPF": 119.250364,
    "USDYER": 250.250364,
    "USDZAR": 17.018375,
    "USDZMK": 9001.203593,
    "USDZMW": 16.129209,
    "USDZWL": 321.999592,
    "USDUSD": 1
  },
  "source": "USD",
  "success": true,
  "timestamp": 1660965481657
}