{
  "quotes": {
    "USDAED": 3.673098,
    "USDAFN": 89.207677,
    "USDALL": 116.220238,
    "USDAMD": 407.434413,
    "USDANG": 1.818948,
    "USDAOA": 429.84305,
    "USDARS": 135.808596,
    "USDAUD": 1.446375,
    "USDAWG": 1.8025,
    "USDAZN": 1.667862,
    "USDBAM": 1.940308,
    "USDBBD": 2.037798,
    "USDBDT": 95.890873,
    "USDBGN": 1.94005,
    "USDBHD": 0.377001,
    "USDBIF": 2080.863897,
    "USDBMD": 1,
    "USDBND": 1.394571,
    "USDBOB": 6.974176,
    "USDBRL": 5.168702,
    "USDBSD": 1.009226,
    "USDBTC": 4.3927882e-05,
    "USDBTN": 80.373606,
    "USDBWP": 12.759425,
    "USDBYN": 2.547024,
    "USDBYR": 19600,
    "USDBZD": 2.034425,
    "USDCAD": 1.29495,
    "USDCDF": 2001.000293,
    "USDCHF": 0.9576,
    "USDCLF": 0.033693,
    "USDCLP": 929.702763,
    "USDCNY": 6.8092,
    "USDCOP": 4396.67,
    "USDCRC": 666.441798,
    "USDCUC": 1,
    "USDCUP": 26.5,
    "USDCVE": 109.388253,
    "USDCZK": 24.410803,
    "USDDJF": 179.672619,
    "USDDKK": 7.376103,
    "USDDOP": 54.406381,
    "USDDZD": 141.814984,
    "USDEGP": 19.160901,
    "USDERN": 15,
    "USDETB": 53.205155,
    "USDEUR": 0.99165,
    "USDFJD": 2.217401,
    "USDFKP": 0.823605,
    "USDGBP": 0.838805,
    "USDGEL": 2.759502,
    "USDGGP": 0.823605,
    "USDGHS": 9.890873,
    "USDGIP": 0.823605,
    "USDGMD": 54.249855,
    "USDGNF": 8710.688704,
    "USDGTQ": 7.810598,
    "USDGYD": 211.150794,
    "USDHKD": 7.846435,
    "USDHNL": 24.831096,
    "USDHRK": 7.458303,
    "USDHTG": 132.721879,
    "USDHUF": 403.215999,
    "USDIDR": 14857.9,
    "USDILS": 3.248295,
    "USDIMP": 0.823605,
    "USDINR": 79.74055,
    "USDIQD": 1473.050863,
    "USDIRR": 42350.000171,
    "USDISK": 139.339454,
    "USDJEP": 0.823605,
    "USDJMD": 152.772404,
    "USDJOD": 0.709019,
    "USDJPY": 136.129503,
    "USDKES": 119.650176,
    "USDKGS": 81.201297,
    "USDKHR": 4140.062303,
    "USDKMF": 487.150299,
    "USDKPW": 900.00035,
    "USDKRW": 1328.409568,
    "USDKWD": 0.30695,
    "USDKYD": 0.841063,
    "USDKZT": 480.967451,
    "USDLAK": 15376.785714,
    "USDLBP": 1525.992063,
    "USDLKR": 363.334094,
    "USDLRD": 153.624988,
    "USDLSL": 16.649898,
    "USDLTL": 2.95274,
    "USDLVL": 0.60489,
    "USDLYD": 4.922817,
    "USDMAD": 10.441473,
    "USDMDL": 19.418353,
    "USDMGA": 4243.988095,
    "USDMKD": 61.125992,
    "USDMMK": 2119.468948,
    "USDMNT": 3194.961563,
    "USDMOP": 8.15496,
    "USDMRO": 356.999828,
    "USDMUR": 45.496023,
    "USDMVR": 15.350102,
    "USDMWK": 1036.602183,
    "USDMXN": 20.151401,
    "USDMYR": 4.477503,
    "USDMZN": 63.830088,
    "USDNAD": 16.650238,
    "USDNGN": 420.330333,
    "USDNIO": 36.273537,
    "USDNOK": 9.74835,
    "USDNPR": 128.601758,
    "USDNZD": 1.60106,
    "USDOMR": 0.385007,
    "USDPAB": 1.009236,
    "USDPEN": 3.877183,
    "USDPGK": 3.556303,
    "USDPHP": 55.994976,
    "USDPKR": 216.740873,
    "USDPLN": 4.69105,
    "USDPYG": 6937.698413,
    "USDQAR": 3.640991,
    "USDRON": 4.838102,
    "USDRSD": 115.944458,
    "USDRUB": 60.000524,
    "USDRWF": 1039.75159,
    "USDSAR": 3.755799,
    "USDSBD": 8.217066,
    "USDSCR": 14.45617,
    "USDSDG": 569.502642,
    "USDSEK": 10.518425,
    "USDSGD": 1.386197,
    "USDSHP": 1.3774,
    "USDSLL": 13980.000041,
    "USDSOS": 569.999693,
    "USDSRD": 24.334984,
    "USDSTD": 20697.981008,
    "USDSVC": 8.83027,
    "USDSYP": 2512.53037,
    "USDSZL": 16.87629,
    "USDTHB": 35.740247,
    "USDTJS": 10.314731,
    "USDTMT": 3.51,
    "USDTND": 3.160994,
    "USDTOP": 2.340101,
    "USDTRY": 18.082805,
    "USDTTD": 6.838722,
    "USDTWD": 30.0317,
    "USDTZS": 2331.99999,
    "USDUAH": 37.197024,
    "USDUGX": 3865.47619,
    "USDUYU": 40.526183,
    "USDUZS": 11036.349206,
    "USDVND": 23403,
    "USDVUV": 116.056079,
    "USDWST": 2.66746,
    "USDXAF": 650.744536,
    "USDXAG": 0.051511,
    "USDXAU": 0.00057,
    "USDXCD": 2.70255,
    "USDXDR": 0.765774,
    "USDXOF": 650.750992,
    "USDXPF": 118.450244,
    "USDYER": 250.249802,
    "USDZAR": 16.91236,
    "USDZMK": 9001.198062,
    "USDZMW": 16.274504,
    "USDZWL": 321.999592,
    "USDUSD": 1
  },
  "source": "USD",
  "success": true,
  "timestamp": 1660877672702
}