{
  "quotes": {
    "USDAED": 3.67301,
    "USDAFN": 88.926797,
    "USDALL": 117.455221,
    "USDAMD": 406.231499,
    "USDANG": 1.811349,
    "USDAOA": 428.61875,
    "USDARS": 137.954399,
    "USDAUD": 1.456675,
    "USDAWG": 1.8,
    "USDAZN": 1.710036,
    "USDBAM": 1.962601,
    "USDBBD": 2.029301,
    "USDBDT": 95.488636,
    "USDBGN": 1.961733,
    "USDBHD": 0.3769,
    "USDBIF": 2072.891476,
    "USDBMD": 1,
    "USDBND": 1.396518,
    "USDBOB": 6.959912,
    "USDBRL": 5.064022,
    "USDBSD": 1.005067,
    "USDBTC": 5.0962988e-05,
    "USDBTN": 80.21444,
    "USDBWP": 12.803071,
    "USDBYN": 2.537354,
    "USDBYR": 19600,
    "USDBZD": 2.025889,
    "USDCAD": 1.306415,
    "USDCDF": 2020.999596,
    "USDCHF": 0.968401,
    "USDCLF": 0.032369,
    "USDCLP": 893.149504,
    "USDCNY": 6.871797,
    "USDCOP": 4401.11,
    "USDCRC": 634.579299,
    "USDCUC": 1,
    "USDCUP": 26.5,
    "USDCVE": 110.646731,
    "USDCZK": 24.75902,
    "USDDJF": 178.917265,
    "USDDKK": 7.48314,
    "USDDOP": 53.362099,
    "USDDZD": 140.801766,
    "USDEGP": 19.240698,
    "USDERN": 15,
    "USDETB": 53.021123,
    "USDEUR": 1.006135,
    "USDFJD": 2.214904,
    "USDFKP": 0.823605,
    "USDGBP": 0.85516,
    "USDGEL": 2.824982,
    "USDGGP": 0.823605,
    "USDGHS": 10.025287,
    "USDGIP": 0.823605,
    "USDGMD": 54.297786,
    "USDGNF": 8675.530581,
    "USDGTQ": 7.776429,
    "USDGYD": 210.265416,
    "USDHKD": 7.84805,
    "USDHNL": 24.726306,
    "USDHRK": 7.538898,
    "USDHTG": 127.137625,
    "USDHUF": 413.679494,
    "USDIDR": 14818,
    "USDILS": 3.25577,
    "USDIMP": 0.823605,
    "USDINR": 79.95935,
    "USDIQD": 1466.880739,
    "USDIRR": 42350.000526,
    "USDISK": 141.560177,
    "USDJEP": 0.823605,
    "USDJMD": 151.534795,
    "USDJOD": 0.709001,
    "USDJPY": 138.1375,
    "USDKES": 119.903248,
    "USDKGS": 80.683804,
    "USDKHR": 4125.633435,
    "USDKMF": 494.150318,
    "USDKPW": 900.00035,
    "USDKRW": 1342.180161,
    "USDKWD": 0.307798,
    "USDKYD": 0.83759,
    "USDKZT": 477.146154,
    "USDLAK": 15359.991972,
    "USDLBP": 1519.84346,
    "USDLKR": 356.777583,
    "USDLRD": 153.550059,
    "USDLSL": 16.870179,
    "USDLTL": 2.95274,
    "USDLVL": 0.60489,
    "USDLYD": 4.943154,
    "USDMAD": 10.596157,
    "USDMDL": 19.410767,
    "USDMGA": 4226.180322,
    "USDMKD": 61.828308,
    "USDMMK": 2110.578697,
    "USDMNT": 3194.961563,
    "USDMOP": 8.122824,
    "USDMRO": 356.999828,
    "USDMUR": 44.150296,
    "USDMVR": 15.349758,
    "USDMWK": 1029.912197,
    "USDMXN": 20.08262,
    "USDMYR": 4.467497,
    "USDMZN": 63.829843,
    "USDNAD": 16.870548,
    "USDNGN": 422.200474,
    "USDNIO": 36.120616,
    "USDNOK": 9.802201,
    "USDNPR": 128.342783,
    "USDNZD": 1.63603,
    "USDOMR": 0.384918,
    "USDPAB": 1.005067,
    "USDPEN": 3.870955,
    "USDPGK": 3.54202,
    "USDPHP": 56.119817,
    "USDPKR": 221.485124,
    "USDPLN": 4.773565,
    "USDPYG": 6899.904671,
    "USDQAR": 3.641012,
    "USDRON": 4.887799,
    "USDRSD": 117.685013,
    "USDRUB": 60.272936,
    "USDRWF": 1036.917365,
    "USDSAR": 3.755022,
    "USDSBD": 8.244113,
    "USDSCR": 13.244959,
    "USDSDG": 578.501836,
    "USDSEK": 10.70825,
    "USDSGD": 1.397597,
    "USDSHP": 1.377397,
    "USDSLL": 14054.999881,
    "USDSOS": 570.502602,
    "USDSRD": 24.724499,
    "USDSTD": 20697.981008,
    "USDSVC": 8.79434,
    "USDSYP": 2512.53037,
    "USDSZL": 16.917766,
    "USDTHB": 36.29991,
    "USDTJS": 10.226281,
    "USDTMT": 3.5,
    "USDTND": 3.202498,
    "USDTOP": 2.34345,
    "USDTRY": 18.178499,
    "USDTTD": 6.825247,
    "USDTWD": 30.29606,
    "USDTZS": 2343.746037,
    "USDUAH": 37.118057,
    "USDUGX": 3824.193467,
    "USDUYU": 40.618133,
    "USDUZS": 10987.155687,
    "USDVND": 23417,
    "USDVUV": 116.056079,
    "USDWST": 2.66746,
    "USDXAF": 658.227886,
    "USDXAG": 0.053382,
    "USDXAU": 0.000576,
    "USDXCD": 2.70255,
    "USDXDR": 0.769856,
    "USDXOF": 658.227886,
    "USDXPF": 120.149512,
    "USDYER": 250.249756,
    "USDZAR": 16.94587,
    "USDZMK": 9001.203969,
    "USDZMW": 16.231398,
    "USDZWL": 321.999592,
    "USDUSD": 1
  },
  "source": "USD",
  "success": true,
  "timestamp": 1661730983784
}