{
  "quotes": {
    "USDAED": 3.673103,
    "USDAFN": 87.768516,
    "USDALL": 117.052986,
    "USDAMD": 398.833737,
    "USDANG": 1.79154,
    "USDAOA": 428.33835,
    "USDARS": 137.143698,
    "USDAUD": 1.440092,
    "USDAWG": 1.8,
    "USDAZN": 1.699765,
    "USDBAM": 1.959612,
    "USDBBD": 2.007154,
    "USDBDT": 94.463314,
    "USDBGN": 1.95864,
    "USDBHD": 0.376998,
    "USDBIF": 2049.915338,
    "USDBMD": 1,
    "USDBND": 1.38765,
    "USDBOB": 6.869157,
    "USDBRL": 5.111601,
    "USDBSD": 0.994094,
    "USDBTC": 4.6494157e-05,
    "USDBTN": 79.398132,
    "USDBWP": 12.760809,
    "USDBYN": 2.509118,
    "USDBYR": 19600,
    "USDBZD": 2.003747,
    "USDCAD": 1.29485,
    "USDCDF": 2000.501297,
    "USDCHF": 0.96424,
    "USDCLF": 0.033394,
    "USDCLP": 921.430035,
    "USDCNY": 6.851902,
    "USDCOP": 4392.33,
    "USDCRC": 636.702469,
    "USDCUC": 1,
    "USDCUP": 26.5,
    "USDCVE": 110.475456,
    "USDCZK": 24.685016,
    "USDDJF": 176.969782,
    "USDDKK": 7.44619,
    "USDDOP": 52.909586,
    "USDDZD": 141.127405,
    "USDEGP": 19.198496,
    "USDERN": 15,
    "USDETB": 52.429966,
    "USDEUR": 1.001235,
    "USDFJD": 2.20365,
    "USDFKP": 0.823605,
    "USDGBP": 0.846101,
    "USDGEL": 2.83499,
    "USDGGP": 0.823605,
    "USDGHS": 9.841395,
    "USDGIP": 0.823605,
    "USDGMD": 54.349575,
    "USDGNF": 8575.765166,
    "USDGTQ": 7.691822,
    "USDGYD": 207.97932,
    "USDHKD": 7.84575,
    "USDHNL": 24.455955,
    "USDHRK": 7.5215,
    "USDHTG": 127.7367,
    "USDHUF": 409.695997,
    "USDIDR": 14822.55,
    "USDILS": 3.27169,
    "USDIMP": 0.823605,
    "USDINR": 79.834501,
    "USDIQD": 1450.890218,
    "USDIRR": 42349.99975,
    "USDISK": 140.459696,
    "USDJEP": 0.823605,
    "USDJMD": 150.106204,
    "USDJOD": 0.709703,
    "USDJPY": 136.782039,
    "USDKES": 119.950265,
    "USDKGS": 80.293902,
    "USDKHR": 4078.649434,
    "USDKMF": 494.290697,
    "USDKPW": 900.00035,
    "USDKRW": 1336.659676,
    "USDKWD": 0.30774,
    "USDKYD": 0.828399,
    "USDKZT": 461.500696,
    "USDLAK": 15182.049535,
    "USDLBP": 1503.28631,
    "USDLKR": 361.841117,
    "USDLRD": 153.703315,
    "USDLSL": 16.849962,
    "USDLTL": 2.95274,
    "USDLVL": 0.60489,
    "USDLYD": 4.910328,
    "USDMAD": 10.498763,
    "USDMDL": 19.076327,
    "USDMGA": 4183.081517,
    "USDMKD": 61.643973,
    "USDMMK": 2087.533952,
    "USDMNT": 3194.961563,
    "USDMOP": 8.034306,
    "USDMRO": 356.999828,
    "USDMUR": 44.149709,
    "USDMVR": 15.350239,
    "USDMWK": 1015.252284,
    "USDMXN": 19.874545,
    "USDMYR": 4.47702,
    "USDMZN": 63.829994,
    "USDNAD": 16.969783,
    "USDNGN": 421.579907,
    "USDNIO": 35.727597,
    "USDNOK": 9.67517,
    "USDNPR": 127.034907,
    "USDNZD": 1.610165,
    "USDOMR": 0.384994,
    "USDPAB": 0.994018,
    "USDPEN": 3.840177,
    "USDPGK": 3.503427,
    "USDPHP": 56.068504,
    "USDPKR": 217.948492,
    "USDPLN": 4.775469,
    "USDPYG": 6839.231324,
    "USDQAR": 3.64125,
    "USDRON": 4.869202,
    "USDRSD": 117.503868,
    "USDRUB": 59.875028,
    "USDRWF": 1039.305466,
    "USDSAR": 3.75875,
    "USDSBD": 8.223773,
    "USDSCR": 13.257234,
    "USDSDG": 569.999821,
    "USDSEK": 10.58971,
    "USDSGD": 1.391615,
    "USDSHP": 1.377394,
    "USDSLL": 14034.999801,
    "USDSOS": 569.999671,
    "USDSRD": 24.5505,
    "USDSTD": 20697.981008,
    "USDSVC": 8.697787,
    "USDSYP": 2512.53037,
    "USDSZL": 16.960009,
    "USDTHB": 35.94011,
    "USDTJS": 10.105004,
    "USDTMT": 3.5,
    "USDTND": 3.201011,
    "USDTOP": 2.347801,
    "USDTRY": 18.14966,
    "USDTTD": 6.757006,
    "USDTWD": 30.220501,
    "USDTZS": 2330.871997,
    "USDUAH": 36.712789,
    "USDUGX": 3787.471946,
    "USDUYU": 40.206,
    "USDUZS": 10838.036459,
    "USDVND": 23430,
    "USDVUV": 116.056079,
    "USDWST": 2.66746,
    "USDXAF": 657.21886,
    "USDXAG": 0.051948,
    "USDXAU": 0.000569,
    "USDXCD": 2.70255,
    "USDXDR": 0.763366,
    "USDXOF": 657.21886,
    "USDXPF": 120.250401,
    "USDYER": 250.249789,
    "USDZAR": 16.883968,
    "USDZMK": 9001.202293,
    "USDZMW": 16.044405,
    "USDZWL": 321.999592,
    "USDUSD": 1
  },
  "source": "USD",
  "success": true,
  "timestamp": 1661401634256
}