{
  "quotes": {
    "USDAED": 3.67299,
    "USDAFN": 87.996217,
    "USDALL": 119.0572,
    "USDAMD": 395.529499,
    "USDANG": 1.803558,
    "USDAOA": 480.87745,
    "USDARS": 155.687189,
    "USDAUD": 1.560537,
    "USDAWG": 1.8025,
    "USDAZN": 1.695212,
    "USDBAM": 1.967517,
    "USDBBD": 2.020553,
    "USDBDT": 101.382849,
    "USDBGN": 1.964244,
    "USDBHD": 0.376968,
    "USDBIF": 2069.432429,
    "USDBMD": 1,
    "USDBND": 1.413452,
    "USDBOB": 6.914948,
    "USDBRL": 5.356898,
    "USDBSD": 1.00077,
    "USDBTC": 4.96571e-05,
    "USDBTN": 82.84944,
    "USDBWP": 13.378805,
    "USDBYN": 2.534354,
    "USDBYR": 19600,
    "USDBZD": 2.017132,
    "USDCAD": 1.36209,
    "USDCDF": 2012.000351,
    "USDCHF": 0.99691,
    "USDCLF": 0.033983,
    "USDCLP": 937.679875,
    "USDCNY": 7.248798,
    "USDCOP": 4803.452595,
    "USDCRC": 621.346331,
    "USDCUC": 1,
    "USDCUP": 26.5,
    "USDCVE": 110.923888,
    "USDCZK": 24.589597,
    "USDDJF": 178.152681,
    "USDDKK": 7.48163,
    "USDDOP": 54.099515,
    "USDDZD": 140.300817,
    "USDEGP": 23.146427,
    "USDERN": 15,
    "USDETB": 53.392351,
    "USDEUR": 1.005205,
    "USDFJD": 2.280598,
    "USDFKP": 0.882525,
    "USDGBP": 0.866185,
    "USDGEL": 2.769609,
    "USDGGP": 0.882525,
    "USDGHS": 14.009718,
    "USDGIP": 0.882525,
    "USDGMD": 58.049981,
    "USDGNF": 8624.529706,
    "USDGTQ": 7.840709,
    "USDGYD": 209.368885,
    "USDHKD": 7.84914,
    "USDHNL": 24.737684,
    "USDHRK": 7.570501,
    "USDHTG": 129.093689,
    "USDHUF": 414.664973,
    "USDIDR": 15556.65,
    "USDILS": 3.53965,
    "USDIMP": 0.882525,
    "USDINR": 82.43575,
    "USDIQD": 1460.574234,
    "USDIRR": 42349.999763,
    "USDISK": 144.029982,
    "USDJEP": 0.882525,
    "USDJMD": 153.110303,
    "USDJOD": 0.709018,
    "USDJPY": 147.592955,
    "USDKES": 121.389748,
    "USDKGS": 83.2481,
    "USDKHR": 4143.075592,
    "USDKMF": 488.502165,
    "USDKPW": 899.999862,
    "USDKRW": 1424.480318,
    "USDKWD": 0.30986,
    "USDKYD": 0.833874,
    "USDKZT": 468.468015,
    "USDLAK": 17322.689684,
    "USDLBP": 1513.349832,
    "USDLKR": 367.221647,
    "USDLRD": 153.625018,
    "USDLSL": 17.940386,
    "USDLTL": 2.95274,
    "USDLVL": 0.60489,
    "USDLYD": 4.97163,
    "USDMAD": 10.919096,
    "USDMDL": 19.293403,
    "USDMGA": 4278.464077,
    "USDMKD": 61.893521,
    "USDMMK": 2101.267616,
    "USDMNT": 3359.775161,
    "USDMOP": 8.089222,
    "USDMRO": 356.999828,
    "USDMUR": 44.448463,
    "USDMVR": 15.400974,
    "USDMWK": 1027.143913,
    "USDMXN": 19.874206,
    "USDMYR": 4.7225,
    "USDMZN": 63.829739,
    "USDNAD": 17.939939,
    "USDNGN": 437.659961,
    "USDNIO": 36.020864,
    "USDNOK": 10.32746,
    "USDNPR": 132.541367,
    "USDNZD": 1.725225,
    "USDOMR": 0.385044,
    "USDPAB": 1.000669,
    "USDPEN": 3.979739,
    "USDPGK": 3.526187,
    "USDPHP": 58.009501,
    "USDPKR": 221.88382,
    "USDPLN": 4.74975,
    "USDPYG": 7284.561679,
    "USDQAR": 3.64075,
    "USDRON": 4.943946,
    "USDRSD": 117.885032,
    "USDRUB": 61.524968,
    "USDRWF": 1067.775296,
    "USDSAR": 3.758455,
    "USDSBD": 8.203716,
    "USDSCR": 13.05121,
    "USDSDG": 572.000076,
    "USDSEK": 10.985939,
    "USDSGD": 1.412197,
    "USDSHP": 1.377403,
    "USDSLL": 17174.9998,
    "USDSOS": 569.500029,
    "USDSRD": 28.800504,
    "USDSTD": 20697.981008,
    "USDSVC": 8.756231,
    "USDSYP": 2512.530034,
    "USDSZL": 18.172143,
    "USDTHB": 37.93004,
    "USDTJS": 10.081886,
    "USDTMT": 3.51,
    "USDTND": 3.224994,
    "USDTOP": 2.412986,
    "USDTRY": 18.613125,
    "USDTTD": 6.795636,
    "USDTWD": 32.111202,
    "USDTZS": 2333.680404,
    "USDUAH": 36.943142,
    "USDUGX": 3807.617246,
    "USDUYU": 41.019967,
    "USDUZS": 11188.238135,
    "USDVND": 24832.5,
    "USDVUV": 125.149891,
    "USDWST": 2.844937,
    "USDXAF": 659.903221,
    "USDXAG": 0.052154,
    "USDXAU": 0.000608,
    "USDXCD": 2.70255,
    "USDXDR": 0.775538,
    "USDXOF": 659.876667,
    "USDXPF": 118.684975,
    "USDYER": 250.249865,
    "USDZAR": 18.13255,
    "USDZMK": 9001.197264,
    "USDZMW": 16.151645,
    "USDZWL": 321.999592,
    "USDUSD": 1
  },
  "source": "USD",
  "success": true,
  "timestamp": 1666960276885
}