{
  "quotes": {
    "USDAED": 3.6731,
    "USDAFN": 88.999655,
    "USDALL": 117.074966,
    "USDAMD": 404.929869,
    "USDANG": 1.802425,
    "USDAOA": 428.33835,
    "USDARS": 136.947999,
    "USDAUD": 1.44299,
    "USDAWG": 1.8055,
    "USDAZN": 1.700324,
    "USDBAM": 1.970947,
    "USDBBD": 2.019288,
    "USDBDT": 95.032196,
    "USDBGN": 1.961535,
    "USDBHD": 0.377031,
    "USDBIF": 2046,
    "USDBMD": 1,
    "USDBND": 1.396195,
    "USDBOB": 6.910705,
    "USDBRL": 5.1049,
    "USDBSD": 1.000071,
    "USDBTC": 4.657452e-05,
    "USDBTN": 79.83403,
    "USDBWP": 12.83827,
    "USDBYN": 2.524362,
    "USDBYR": 19600,
    "USDBZD": 2.015862,
    "USDCAD": 1.295765,
    "USDCDF": 2000.99991,
    "USDCHF": 0.96385,
    "USDCLF": 0.033224,
    "USDCLP": 916.750101,
    "USDCNY": 6.835098,
    "USDCOP": 4364.17,
    "USDCRC": 646.377717,
    "USDCUC": 1,
    "USDCUP": 26.5,
    "USDCVE": 111.11615,
    "USDCZK": 24.718598,
    "USDDJF": 177.720133,
    "USDDKK": 7.4577,
    "USDDOP": 53.250294,
    "USDDZD": 141.31587,
    "USDEGP": 19.167199,
    "USDERN": 15,
    "USDETB": 52.374973,
    "USDEUR": 1.00265,
    "USDFJD": 2.20465,
    "USDFKP": 0.823605,
    "USDGBP": 0.844825,
    "USDGEL": 2.804996,
    "USDGGP": 0.823605,
    "USDGHS": 9.898339,
    "USDGIP": 0.823605,
    "USDGMD": 54.349918,
    "USDGNF": 8699.999751,
    "USDGTQ": 7.738252,
    "USDGYD": 209.232723,
    "USDHKD": 7.84705,
    "USDHNL": 24.487415,
    "USDHRK": 7.5342,
    "USDHTG": 128.512692,
    "USDHUF": 414.980258,
    "USDIDR": 14851.4,
    "USDILS": 3.263385,
    "USDIMP": 0.823605,
    "USDINR": 79.85595,
    "USDIQD": 1460,
    "USDIRR": 42300.00011,
    "USDISK": 140.289388,
    "USDJEP": 0.823605,
    "USDJMD": 150.949785,
    "USDJOD": 0.708982,
    "USDJPY": 136.612501,
    "USDKES": 119.90148,
    "USDKGS": 80.328899,
    "USDKHR": 4110.000172,
    "USDKMF": 494.12501,
    "USDKPW": 900.00035,
    "USDKRW": 1338.999802,
    "USDKWD": 0.30775,
    "USDKYD": 0.833392,
    "USDKZT": 466.909875,
    "USDLAK": 15279.999824,
    "USDLBP": 1514.664847,
    "USDLKR": 365.277775,
    "USDLRD": 153.699881,
    "USDLSL": 16.999895,
    "USDLTL": 2.95274,
    "USDLVL": 0.60489,
    "USDLYD": 4.940177,
    "USDMAD": 10.527498,
    "USDMDL": 19.351829,
    "USDMGA": 4114.999703,
    "USDMKD": 61.800401,
    "USDMMK": 2100.158916,
    "USDMNT": 3194.961563,
    "USDMOP": 8.083256,
    "USDMRO": 356.999828,
    "USDMUR": 44.152457,
    "USDMVR": 15.359683,
    "USDMWK": 1021.509134,
    "USDMXN": 19.978235,
    "USDMYR": 4.492802,
    "USDMZN": 63.829917,
    "USDNAD": 17.000389,
    "USDNGN": 421.21019,
    "USDNIO": 35.959847,
    "USDNOK": 9.708325,
    "USDNPR": 127.734166,
    "USDNZD": 1.608225,
    "USDOMR": 0.38501,
    "USDPAB": 1.000071,
    "USDPEN": 3.860503,
    "USDPGK": 3.520032,
    "USDPHP": 56.104999,
    "USDPKR": 217.150056,
    "USDPLN": 4.786944,
    "USDPYG": 6887.728881,
    "USDQAR": 3.640992,
    "USDRON": 4.8576,
    "USDRSD": 117.685031,
    "USDRUB": 60.249743,
    "USDRWF": 1031.5,
    "USDSAR": 3.755918,
    "USDSBD": 8.22718,
    "USDSCR": 13.16477,
    "USDSDG": 570.441813,
    "USDSEK": 10.623801,
    "USDSGD": 1.392255,
    "USDSHP": 1.377398,
    "USDSLL": 13995.000175,
    "USDSOS": 570.493911,
    "USDSRD": 24.485498,
    "USDSTD": 20697.981008,
    "USDSVC": 8.751121,
    "USDSYP": 2512.53037,
    "USDSZL": 16.999902,
    "USDTHB": 36.060218,
    "USDTJS": 10.231075,
    "USDTMT": 3.51,
    "USDTND": 3.193499,
    "USDTOP": 2.353903,
    "USDTRY": 18.1092,
    "USDTTD": 6.789105,
    "USDTWD": 30.176201,
    "USDTZS": 2332.227973,
    "USDUAH": 36.930457,
    "USDUGX": 3845.394173,
    "USDUYU": 40.508702,
    "USDUZS": 10900.000407,
    "USDVND": 23435,
    "USDVUV": 116.056079,
    "USDWST": 2.66746,
    "USDXAF": 661.000433,
    "USDXAG": 0.052299,
    "USDXAU": 0.000572,
    "USDXCD": 2.70255,
    "USDXDR": 0.765642,
    "USDXOF": 656.502279,
    "USDXPF": 120.202622,
    "USDYER": 250.250143,
    "USDZAR": 17.001398,
    "USDZMK": 9001.201118,
    "USDZMW": 16.169016,
    "USDZWL": 321.999592,
    "USDUSD": 1
  },
  "source": "USD",
  "success": true,
  "timestamp": 1661295658343
}