{
  "quotes": {
    "USDAED": 3.673102,
    "USDAFN": 90.000238,
    "USDALL": 113.549997,
    "USDAMD": 407.530444,
    "USDANG": 1.802871,
    "USDAOA": 432.58485,
    "USDARS": 131.909172,
    "USDAUD": 1.423051,
    "USDAWG": 1.8025,
    "USDAZN": 1.676319,
    "USDBAM": 1.908481,
    "USDBBD": 2.019778,
    "USDBDT": 94.761951,
    "USDBGN": 1.90804,
    "USDBHD": 0.376996,
    "USDBIF": 2040,
    "USDBMD": 1,
    "USDBND": 1.376686,
    "USDBOB": 6.877568,
    "USDBRL": 5.185698,
    "USDBSD": 1.000327,
    "USDBTC": 4.3519589e-05,
    "USDBTN": 79.041657,
    "USDBWP": 12.503988,
    "USDBYN": 2.524955,
    "USDBYR": 19600,
    "USDBZD": 2.016471,
    "USDCAD": 1.28425,
    "USDCDF": 1999.999905,
    "USDCHF": 0.950064,
    "USDCLF": 0.032316,
    "USDCLP": 891.699323,
    "USDCNY": 6.768797,
    "USDCOP": 4259.33,
    "USDCRC": 668.497802,
    "USDCUC": 1,
    "USDCUP": 26.5,
    "USDCVE": 107.674987,
    "USDCZK": 24.002697,
    "USDDJF": 177.719889,
    "USDDKK": 7.256023,
    "USDDOP": 54.449977,
    "USDDZD": 145.561986,
    "USDEGP": 18.976799,
    "USDERN": 15,
    "USDETB": 52.197891,
    "USDEUR": 0.974705,
    "USDFJD": 2.180603,
    "USDFKP": 0.842337,
    "USDGBP": 0.8162,
    "USDGEL": 2.735002,
    "USDGGP": 0.842337,
    "USDGHS": 8.493708,
    "USDGIP": 0.842337,
    "USDGMD": 54.15044,
    "USDGNF": 8749.999904,
    "USDGTQ": 7.740362,
    "USDGYD": 209.393432,
    "USDHKD": 7.84997,
    "USDHNL": 24.549508,
    "USDHRK": 7.327799,
    "USDHTG": 119.044506,
    "USDHUF": 390.439969,
    "USDIDR": 14838.75,
    "USDILS": 3.360535,
    "USDIMP": 0.842337,
    "USDINR": 78.95515,
    "USDIQD": 1460,
    "USDIRR": 42349.999942,
    "USDISK": 135.25004,
    "USDJEP": 0.842337,
    "USDJMD": 153.143097,
    "USDJOD": 0.708964,
    "USDJPY": 131.677502,
    "USDKES": 118.999819,
    "USDKGS": 82.984502,
    "USDKHR": 4116.00012,
    "USDKMF": 480.049653,
    "USDKPW": 899.999992,
    "USDKRW": 1308.079952,
    "USDKWD": 0.30659,
    "USDKYD": 0.833573,
    "USDKZT": 480.430519,
    "USDLAK": 15100.000289,
    "USDLBP": 1516.999966,
    "USDLKR": 358.117044,
    "USDLRD": 154.049953,
    "USDLSL": 16.554971,
    "USDLTL": 2.95274,
    "USDLVL": 0.60489,
    "USDLYD": 4.85982,
    "USDMAD": 10.293503,
    "USDMDL": 19.306435,
    "USDMGA": 4160.000593,
    "USDMKD": 60.053314,
    "USDMMK": 1852.159442,
    "USDMNT": 3144.659992,
    "USDMOP": 8.088565,
    "USDMRO": 356.999828,
    "USDMUR": 44.697638,
    "USDMVR": 15.450524,
    "USDMWK": 1022.49594,
    "USDMXN": 20.395008,
    "USDMYR": 4.452502,
    "USDMZN": 63.829895,
    "USDNAD": 16.555011,
    "USDNGN": 416.180073,
    "USDNIO": 35.874973,
    "USDNOK": 9.636215,
    "USDNPR": 126.462567,
    "USDNZD": 1.579465,
    "USDOMR": 0.38503,
    "USDPAB": 1.000327,
    "USDPEN": 3.90803,
    "USDPGK": 3.519827,
    "USDPHP": 55.389786,
    "USDPKR": 239.50253,
    "USDPLN": 4.596001,
    "USDPYG": 6883.519872,
    "USDQAR": 3.641026,
    "USDRON": 4.799803,
    "USDRSD": 114.37504,
    "USDRUB": 64.624961,
    "USDRWF": 1028.5,
    "USDSAR": 3.75597,
    "USDSBD": 8.206979,
    "USDSCR": 12.80938,
    "USDSDG": 568.502199,
    "USDSEK": 10.115698,
    "USDSGD": 1.376995,
    "USDSHP": 1.377397,
    "USDSLL": 13775.000199,
    "USDSOS": 585.000289,
    "USDSRD": 24.328977,
    "USDSTD": 20697.981008,
    "USDSVC": 8.753348,
    "USDSYP": 2512.529433,
    "USDSZL": 16.51395,
    "USDTHB": 36.120258,
    "USDTJS": 10.218772,
    "USDTMT": 3.5,
    "USDTND": 3.12175,
    "USDTOP": 2.336302,
    "USDTRY": 17.896498,
    "USDTTD": 6.787626,
    "USDTWD": 30.173102,
    "USDTZS": 2329.999631,
    "USDUAH": 36.927258,
    "USDUGX": 3866.47281,
    "USDUSD": 1.000268,
    "USDUYU": 41.039803,
    "USDUZS": 10964.999721,
    "USDVND": 23360,
    "USDVUV": 118.896025,
    "USDWST": 2.72097,
    "USDXAF": 640.095435,
    "USDXAG": 0.049152,
    "USDXAU": 0.000564,
    "USDXCD": 2.70255,
    "USDXDR": 0.75587,
    "USDXOF": 640.503175,
    "USDXPF": 113.149783,
    "USDYER": 250.249921,
    "USDZAR": 16.47923,
    "USDZMK": 9001.192896,
    "USDZMW": 16.406066,
    "USDZWL": 321.999592
  },
  "source": "USD",
  "success": true,
  "timestamp": 1659391595086
}