{
  "quotes": {
    "USDAED": 3.673095,
    "USDAFN": 90.127648,
    "USDALL": 114.081441,
    "USDAMD": 405.89493,
    "USDANG": 1.806679,
    "USDAOA": 429.29496,
    "USDARS": 134.635297,
    "USDAUD": 1.404797,
    "USDAWG": 1.8,
    "USDAZN": 1.700032,
    "USDBAM": 1.905069,
    "USDBBD": 2.024069,
    "USDBDT": 95.242757,
    "USDBGN": 1.90619,
    "USDBHD": 0.376752,
    "USDBIF": 2066.496537,
    "USDBMD": 1,
    "USDBND": 1.374638,
    "USDBOB": 6.921964,
    "USDBRL": 5.075295,
    "USDBSD": 1.002489,
    "USDBTC": 4.0843512e-05,
    "USDBTN": 79.800418,
    "USDBWP": 12.468404,
    "USDBYN": 2.529794,
    "USDBYR": 19600,
    "USDBZD": 2.02066,
    "USDCAD": 1.278015,
    "USDCDF": 2001.000157,
    "USDCHF": 0.94204,
    "USDCLF": 0.031738,
    "USDCLP": 875.76032,
    "USDCNY": 6.742901,
    "USDCOP": 4162.01,
    "USDCRC": 670.673206,
    "USDCUC": 1,
    "USDCUP": 26.5,
    "USDCVE": 107.403241,
    "USDCZK": 23.749023,
    "USDDJF": 178.464805,
    "USDDKK": 7.25099,
    "USDDOP": 54.207109,
    "USDDZD": 142.764609,
    "USDEGP": 19.156599,
    "USDERN": 15,
    "USDETB": 52.815211,
    "USDEUR": 0.974845,
    "USDFJD": 2.181966,
    "USDFKP": 0.823605,
    "USDGBP": 0.82443,
    "USDGEL": 2.720201,
    "USDGGP": 0.823605,
    "USDGHS": 9.097205,
    "USDGIP": 0.823605,
    "USDGMD": 54.150101,
    "USDGNF": 8657.046427,
    "USDGTQ": 7.758962,
    "USDGYD": 209.731699,
    "USDHKD": 7.837245,
    "USDHNL": 24.661644,
    "USDHRK": 7.322202,
    "USDHTG": 128.310322,
    "USDHUF": 382.422004,
    "USDIDR": 14686.55,
    "USDILS": 3.238665,
    "USDIMP": 0.823605,
    "USDINR": 79.62915,
    "USDIQD": 1463.076331,
    "USDIRR": 42349.999729,
    "USDISK": 136.780229,
    "USDJEP": 0.823605,
    "USDJMD": 152.196718,
    "USDJOD": 0.709004,
    "USDJPY": 133.223503,
    "USDKES": 119.639905,
    "USDKGS": 82.004299,
    "USDKHR": 4111.914676,
    "USDKMF": 479.875013,
    "USDKPW": 900.00035,
    "USDKRW": 1305.069975,
    "USDKWD": 0.306699,
    "USDKYD": 0.835342,
    "USDKZT": 478.422434,
    "USDLAK": 15253.763472,
    "USDLBP": 1515.908615,
    "USDLKR": 360.882097,
    "USDLRD": 153.540595,
    "USDLSL": 16.189997,
    "USDLTL": 2.95274,
    "USDLVL": 0.60489,
    "USDLYD": 4.860979,
    "USDMAD": 10.321387,
    "USDMDL": 19.272095,
    "USDMGA": 4215.344304,
    "USDMKD": 59.928213,
    "USDMMK": 2105.144622,
    "USDMNT": 3194.961563,
    "USDMOP": 8.092768,
    "USDMRO": 356.999828,
    "USDMUR": 45.468492,
    "USDMVR": 15.350097,
    "USDMWK": 1029.636628,
    "USDMXN": 19.841896,
    "USDMYR": 4.449006,
    "USDMZN": 63.830067,
    "USDNAD": 16.189756,
    "USDNGN": 419.22027,
    "USDNIO": 35.992091,
    "USDNOK": 9.58375,
    "USDNPR": 127.679698,
    "USDNZD": 1.55102,
    "USDOMR": 0.384719,
    "USDPAB": 1.002391,
    "USDPEN": 3.884595,
    "USDPGK": 3.53293,
    "USDPHP": 55.90402,
    "USDPKR": 215.779415,
    "USDPLN": 4.542992,
    "USDPYG": 6902.093713,
    "USDQAR": 3.641013,
    "USDRON": 4.760896,
    "USDRSD": 114.335111,
    "USDRUB": 62.24989,
    "USDRWF": 1040.183898,
    "USDSAR": 3.754596,
    "USDSBD": 8.244163,
    "USDSCR": 14.329059,
    "USDSDG": 569.504285,
    "USDSEK": 10.20732,
    "USDSGD": 1.371375,
    "USDSHP": 1.3774,
    "USDSLL": 13934.999728,
    "USDSOS": 569.999863,
    "USDSRD": 24.280116,
    "USDSTD": 20697.981008,
    "USDSVC": 8.771289,
    "USDSYP": 2512.53037,
    "USDSZL": 16.315049,
    "USDTHB": 35.370258,
    "USDTJS": 10.229921,
    "USDTMT": 3.51,
    "USDTND": 3.135004,
    "USDTOP": 2.31785,
    "USDTRY": 17.94221,
    "USDTTD": 6.804689,
    "USDTWD": 30.000802,
    "USDTZS": 2332.000015,
    "USDUAH": 37.022311,
    "USDUGX": 3779.203133,
    "USDUYU": 40.202405,
    "USDUZS": 10948.682858,
    "USDVND": 23397,
    "USDVUV": 116.056079,
    "USDWST": 2.66746,
    "USDXAF": 638.938863,
    "USDXAG": 0.04807,
    "USDXAU": 0.000556,
    "USDXCD": 2.70255,
    "USDXDR": 0.754991,
    "USDXOF": 638.93264,
    "USDXPF": 116.502326,
    "USDYER": 250.24978,
    "USDZAR": 16.19604,
    "USDZMK": 9001.20115,
    "USDZMW": 16.149497,
    "USDZWL": 321.999592
  },
  "source": "USD",
  "success": true,
  "timestamp": 1660527485611
}