{
    "quotes": {
      "USDAED": 3.673085,
      "USDAFN": 89.921613,
      "USDALL": 114.895476,
      "USDAMD": 418.347363,
      "USDANG": 1.804224,
      "USDAOA": 430.337501,
      "USDARS": 129.379841,
      "USDAUD": 1.449275,
      "USDAWG": 1.7975,
      "USDAZN": 1.695061,
      "USDBAM": 1.919956,
      "USDBBD": 2.021273,
      "USDBDT": 94.075107,
      "USDBGN": 1.91506,
      "USDBHD": 0.37695,
      "USDBIF": 2061.433347,
      "USDBMD": 1,
      "USDBND": 1.39457,
      "USDBOB": 6.872291,
      "USDBRL": 5.471499,
      "USDBSD": 1.001114,
      "USDBTC": 4.3838789e-05,
      "USDBTN": 80.055168,
      "USDBWP": 12.752868,
      "USDBYN": 2.526837,
      "USDBYR": 19600,
      "USDBZD": 2.017935,
      "USDCAD": 1.287155,
      "USDCDF": 2002.503637,
      "USDCHF": 0.97146,
      "USDCLF": 0.033612,
      "USDCLP": 927.459801,
      "USDCNY": 6.7599,
      "USDCOP": 4356,
      "USDCRC": 680.783182,
      "USDCUC": 1,
      "USDCUP": 26.5,
      "USDCVE": 108.242489,
      "USDCZK": 24.00025,
      "USDDJF": 178.213642,
      "USDDKK": 7.28105,
      "USDDOP": 54.429081,
      "USDDZD": 145.756373,
      "USDEGP": 18.926984,
      "USDERN": 15,
      "USDETB": 52.650773,
      "USDEUR": 0.979254,
      "USDFJD": 2.2027,
      "USDFKP": 0.842337,
      "USDGBP": 0.833733,
      "USDGEL": 2.939741,
      "USDGGP": 0.842337,
      "USDGHS": 8.153649,
      "USDGIP": 0.842337,
      "USDGMD": 54.09013,
      "USDGNF": 8683.914732,
      "USDGTQ": 7.745846,
      "USDGYD": 209.436676,
      "USDHKD": 7.84878,
      "USDHNL": 24.616532,
      "USDHRK": 7.349501,
      "USDHTG": 117.008045,
      "USDHUF": 390.02496,
      "USDIDR": 15000,
      "USDILS": 3.448255,
      "USDIMP": 0.842337,
      "USDINR": 79.948896,
      "USDIQD": 1461.098595,
      "USDIRR": 42350.000022,
      "USDISK": 136.629576,
      "USDJEP": 0.842337,
      "USDJMD": 152.179568,
      "USDJOD": 0.709009,
      "USDJPY": 138.277498,
      "USDKES": 118.397847,
      "USDKGS": 79.528601,
      "USDKHR": 4091.433396,
      "USDKMF": 464.625009,
      "USDKPW": 899.999992,
      "USDKRW": 1309.379811,
      "USDKWD": 0.30773,
      "USDKYD": 0.834078,
      "USDKZT": 482.18089,
      "USDLAK": 15056.387103,
      "USDLBP": 1513.8441,
      "USDLKR": 360.325269,
      "USDLRD": 152.494756,
      "USDLSL": 15.840147,
      "USDLTL": 2.95274,
      "USDLVL": 0.60489,
      "USDLYD": 4.894642,
      "USDMAD": 10.258323,
      "USDMDL": 19.320974,
      "USDMGA": 4214.565142,
      "USDMKD": 60.485435,
      "USDMMK": 1853.508465,
      "USDMNT": 3144.659992,
      "USDMOP": 8.094221,
      "USDMRO": 356.999828,
      "USDMUR": 45.15006,
      "USDMVR": 15.349693,
      "USDMWK": 1028.224195,
      "USDMXN": 20.553903,
      "USDMYR": 4.455502,
      "USDMZN": 63.829846,
      "USDNAD": 15.840068,
      "USDNGN": 415.414378,
      "USDNIO": 35.894038,
      "USDNOK": 9.95433,
      "USDNPR": 128.094123,
      "USDNZD": 1.606026,
      "USDOMR": 0.384984,
      "USDPAB": 1.001095,
      "USDPEN": 3.879511,
      "USDPGK": 3.572715,
      "USDPHP": 56.297983,
      "USDPKR": 225.494348,
      "USDPLN": 4.666401,
      "USDPYG": 6872.524333,
      "USDQAR": 3.640969,
      "USDRON": 4.830405,
      "USDRSD": 114.804988,
      "USDRUB": 55.025015,
      "USDRWF": 1040.126047,
      "USDSAR": 3.75835,
      "USDSBD": 8.159969,
      "USDSCR": 14.012415,
      "USDSDG": 456.502749,
      "USDSEK": 10.214095,
      "USDSGD": 1.391825,
      "USDSHP": 1.377399,
      "USDSLL": 13169.999851,
      "USDSOS": 584.50088,
      "USDSRD": 22.728498,
      "USDSTD": 20697.981008,
      "USDSVC": 8.757913,
      "USDSYP": 2512.529433,
      "USDSZL": 17.100519,
      "USDTHB": 36.734028,
      "USDTJS": 9.885199,
      "USDTMT": 3.51,
      "USDTND": 3.063499,
      "USDTOP": 2.34675,
      "USDTRY": 17.60489,
      "USDTTD": 6.794523,
      "USDTWD": 29.9135,
      "USDTZS": 2332.000322,
      "USDUAH": 29.580579,
      "USDUGX": 3809.028306,
      "USDUSD": 1.000268,
      "USDUYU": 42.179041,
      "USDUZS": 10919.724151,
      "USDVND": 23410,
      "USDVUV": 118.896025,
      "USDWST": 2.72097,
      "USDXAF": 643.937899,
      "USDXAG": 0.053843,
      "USDXAU": 0.000592,
      "USDXCD": 2.70255,
      "USDXDR": 0.758345,
      "USDXOF": 643.937899,
      "USDXPF": 113.149683,
      "USDYER": 250.25014,
      "USDZAR": 17.14315,
      "USDZMK": 9001.211164,
      "USDZMW": 16.467828,
      "USDZWL": 321.999592
    },
    "source": "USD",
    "success": true,
    "timestamp": 1658530735949
  }