{
  "quotes": {
    "USDAED": 3.673101,
    "USDAFN": 85.578139,
    "USDALL": 119.362648,
    "USDAMD": 401.502782,
    "USDANG": 1.794227,
    "USDAOA": 440.97215,
    "USDARS": 151.287298,
    "USDAUD": 1.579485,
    "USDAWG": 1.8025,
    "USDAZN": 1.703502,
    "USDBAM": 2.00215,
    "USDBBD": 2.010124,
    "USDBDT": 101.624892,
    "USDBGN": 1.997396,
    "USDBHD": 0.377357,
    "USDBIF": 2056.874658,
    "USDBMD": 1,
    "USDBND": 1.427189,
    "USDBOB": 6.879149,
    "USDBRL": 5.261201,
    "USDBSD": 0.995542,
    "USDBTC": 5.0498028e-05,
    "USDBTN": 82.014403,
    "USDBWP": 13.38131,
    "USDBYN": 2.524326,
    "USDBYR": 19600,
    "USDBZD": 2.006746,
    "USDCAD": 1.37185,
    "USDCDF": 2047.000047,
    "USDCHF": 0.998898,
    "USDCLF": 0.033994,
    "USDCLP": 938.009915,
    "USDCNY": 7.175703,
    "USDCOP": 4575.71,
    "USDCRC": 623.119642,
    "USDCUC": 1,
    "USDCUP": 26.5,
    "USDCVE": 112.877551,
    "USDCZK": 25.131499,
    "USDDJF": 177.232035,
    "USDDKK": 7.60054,
    "USDDOP": 53.624056,
    "USDDZD": 139.881259,
    "USDEGP": 19.663097,
    "USDERN": 15,
    "USDETB": 52.66856,
    "USDEUR": 1.021845,
    "USDFJD": 2.313299,
    "USDFKP": 0.882525,
    "USDGBP": 0.88305,
    "USDGEL": 2.770079,
    "USDGGP": 0.882525,
    "USDGHS": 10.801595,
    "USDGIP": 0.882525,
    "USDGMD": 56.249912,
    "USDGNF": 8596.303557,
    "USDGTQ": 7.842413,
    "USDGYD": 208.278524,
    "USDHKD": 7.85005,
    "USDHNL": 24.596801,
    "USDHRK": 7.6948,
    "USDHTG": 124.440441,
    "USDHUF": 438.159725,
    "USDIDR": 15377.3,
    "USDILS": 3.585855,
    "USDIMP": 0.882525,
    "USDINR": 82.232503,
    "USDIQD": 1453.035988,
    "USDIRR": 42350.000076,
    "USDISK": 143.760275,
    "USDJEP": 0.882525,
    "USDJMD": 152.194543,
    "USDJOD": 0.709018,
    "USDJPY": 147.367499,
    "USDKES": 120.459536,
    "USDKGS": 83.585012,
    "USDKHR": 4112.459501,
    "USDKMF": 503.450257,
    "USDKPW": 899.999862,
    "USDKRW": 1426.569675,
    "USDKWD": 0.31008,
    "USDKYD": 0.829593,
    "USDKZT": 476.114919,
    "USDLAK": 17199.262937,
    "USDLBP": 1504.931643,
    "USDLKR": 363.378513,
    "USDLRD": 153.650264,
    "USDLSL": 18.249935,
    "USDLTL": 2.95274,
    "USDLVL": 0.60489,
    "USDLYD": 5.012412,
    "USDMAD": 10.974495,
    "USDMDL": 19.338592,
    "USDMGA": 4239.861597,
    "USDMKD": 63.074222,
    "USDMMK": 2090.659514,
    "USDMNT": 3359.775161,
    "USDMOP": 8.049014,
    "USDMRO": 356.999828,
    "USDMUR": 43.902414,
    "USDMVR": 15.460186,
    "USDMWK": 1022.541728,
    "USDMXN": 19.976204,
    "USDMYR": 4.698015,
    "USDMZN": 63.829814,
    "USDNAD": 18.249654,
    "USDNGN": 435.196843,
    "USDNIO": 35.808719,
    "USDNOK": 10.538801,
    "USDNPR": 131.221497,
    "USDNZD": 1.764895,
    "USDOMR": 0.385004,
    "USDPAB": 0.995532,
    "USDPEN": 3.964007,
    "USDPGK": 3.507782,
    "USDPHP": 58.932019,
    "USDPKR": 217.528088,
    "USDPLN": 4.910073,
    "USDPYG": 7098.39229,
    "USDQAR": 3.641015,
    "USDRON": 5.044897,
    "USDRSD": 119.834981,
    "USDRUB": 63.624986,
    "USDRWF": 1060.843839,
    "USDSAR": 3.757167,
    "USDSBD": 8.156743,
    "USDSCR": 14.096093,
    "USDSDG": 567.51387,
    "USDSEK": 11.21836,
    "USDSGD": 1.421965,
    "USDSHP": 1.377396,
    "USDSLL": 16674.999799,
    "USDSOS": 568.500361,
    "USDSRD": 28.067992,
    "USDSTD": 20697.981008,
    "USDSVC": 8.710518,
    "USDSYP": 2512.530034,
    "USDSZL": 18.195024,
    "USDTHB": 38.0702,
    "USDTJS": 10.130168,
    "USDTMT": 3.5,
    "USDTND": 3.261502,
    "USDTOP": 2.450297,
    "USDTRY": 18.556101,
    "USDTTD": 6.757433,
    "USDTWD": 31.8495,
    "USDTZS": 2332.000115,
    "USDUAH": 36.767893,
    "USDUGX": 3811.88803,
    "USDUYU": 40.923819,
    "USDUZS": 11045.845639,
    "USDVND": 24147.5,
    "USDVUV": 125.149891,
    "USDWST": 2.844937,
    "USDXAF": 671.505715,
    "USDXAG": 0.052623,
    "USDXAU": 0.0006,
    "USDXCD": 2.70255,
    "USDXDR": 0.780259,
    "USDXOF": 671.498841,
    "USDXPF": 122.449944,
    "USDYER": 250.249607,
    "USDZAR": 18.196801,
    "USDZMK": 9001.174966,
    "USDZMW": 15.834285,
    "USDZWL": 321.999592,
    "USDUSD": 1
  },
  "source": "USD",
  "success": true,
  "timestamp": 1665720303908
}