{
  "quotes": {
    "USDAED": 3.67301,
    "USDAFN": 88.125444,
    "USDALL": 117.267757,
    "USDAMD": 403.418307,
    "USDANG": 1.800587,
    "USDAOA": 428.814498,
    "USDARS": 138.605497,
    "USDAUD": 1.460275,
    "USDAWG": 1.8055,
    "USDAZN": 1.699774,
    "USDBAM": 1.958297,
    "USDBBD": 2.017172,
    "USDBDT": 94.93887,
    "USDBGN": 1.959254,
    "USDBHD": 0.376933,
    "USDBIF": 2061.006869,
    "USDBMD": 1,
    "USDBND": 1.396828,
    "USDBOB": 6.903502,
    "USDBRL": 5.123397,
    "USDBSD": 0.999074,
    "USDBTC": 4.9267028e-05,
    "USDBTN": 79.429152,
    "USDBWP": 12.841823,
    "USDBYN": 2.521677,
    "USDBYR": 19600,
    "USDBZD": 2.013768,
    "USDCAD": 1.311655,
    "USDCDF": 2026.000005,
    "USDCHF": 0.98047,
    "USDCLF": 0.03224,
    "USDCLP": 889.611955,
    "USDCNY": 6.898398,
    "USDCOP": 4418.333375,
    "USDCRC": 639.425267,
    "USDCUC": 1,
    "USDCUP": 26.5,
    "USDCVE": 110.404109,
    "USDCZK": 24.59505,
    "USDDJF": 177.846083,
    "USDDKK": 7.446598,
    "USDDOP": 52.875151,
    "USDDZD": 140.490518,
    "USDEGP": 19.226703,
    "USDERN": 15,
    "USDETB": 52.726972,
    "USDEUR": 1.001275,
    "USDFJD": 2.2208,
    "USDFKP": 0.823605,
    "USDGBP": 0.860395,
    "USDGEL": 2.894964,
    "USDGGP": 0.823605,
    "USDGHS": 10.040351,
    "USDGIP": 0.823605,
    "USDGMD": 55.099278,
    "USDGNF": 8625.267837,
    "USDGTQ": 7.732721,
    "USDGYD": 209.016496,
    "USDHKD": 7.84855,
    "USDHNL": 24.587226,
    "USDHRK": 7.524982,
    "USDHTG": 115.890181,
    "USDHUF": 404.625995,
    "USDIDR": 14852.75,
    "USDILS": 3.33953,
    "USDIMP": 0.823605,
    "USDINR": 79.513503,
    "USDIQD": 1458.180216,
    "USDIRR": 42300.000402,
    "USDISK": 141.880528,
    "USDJEP": 0.823605,
    "USDJMD": 150.488139,
    "USDJOD": 0.708982,
    "USDJPY": 138.7575,
    "USDKES": 120.070294,
    "USDKGS": 80.698998,
    "USDKHR": 4102.561535,
    "USDKMF": 491.500789,
    "USDKPW": 900.00035,
    "USDKRW": 1343.698252,
    "USDKWD": 0.30829,
    "USDKYD": 0.832591,
    "USDKZT": 472.59547,
    "USDLAK": 15409.486427,
    "USDLBP": 1510.626048,
    "USDLKR": 354.690773,
    "USDLRD": 153.750084,
    "USDLSL": 16.960036,
    "USDLTL": 2.95274,
    "USDLVL": 0.60489,
    "USDLYD": 4.931213,
    "USDMAD": 10.578329,
    "USDMDL": 19.281595,
    "USDMGA": 4202.263841,
    "USDMKD": 61.692733,
    "USDMMK": 2098.244277,
    "USDMNT": 3194.961563,
    "USDMOP": 8.076663,
    "USDMRO": 356.999828,
    "USDMUR": 44.560852,
    "USDMVR": 15.349929,
    "USDMWK": 1025.439435,
    "USDMXN": 20.22201,
    "USDMYR": 4.475498,
    "USDMZN": 63.829995,
    "USDNAD": 16.959887,
    "USDNGN": 422.880153,
    "USDNIO": 35.90578,
    "USDNOK": 9.939935,
    "USDNPR": 127.095392,
    "USDNZD": 1.63496,
    "USDOMR": 0.384985,
    "USDPAB": 0.999074,
    "USDPEN": 3.812861,
    "USDPGK": 3.520659,
    "USDPHP": 56.237014,
    "USDPKR": 217.802421,
    "USDPLN": 4.73401,
    "USDPYG": 6882.540827,
    "USDQAR": 3.640997,
    "USDRON": 4.866697,
    "USDRSD": 117.515069,
    "USDRUB": 60.325037,
    "USDRWF": 1043.004185,
    "USDSAR": 3.75755,
    "USDSBD": 8.250966,
    "USDSCR": 12.851056,
    "USDSDG": 577.502002,
    "USDSEK": 10.69215,
    "USDSGD": 1.397701,
    "USDSHP": 1.377398,
    "USDSLL": 14134.999558,
    "USDSOS": 569.516238,
    "USDSRD": 24.8825,
    "USDSTD": 20697.981008,
    "USDSVC": 8.742146,
    "USDSYP": 2512.53037,
    "USDSZL": 17.056362,
    "USDTHB": 36.460189,
    "USDTJS": 10.175221,
    "USDTMT": 3.5,
    "USDTND": 3.192497,
    "USDTOP": 2.3578,
    "USDTRY": 18.190905,
    "USDTTD": 6.772735,
    "USDTWD": 30.412701,
    "USDTZS": 2329.76597,
    "USDUAH": 36.879769,
    "USDUGX": 3796.364437,
    "USDUYU": 40.668275,
    "USDUZS": 10919.558644,
    "USDVND": 23462.5,
    "USDVUV": 116.056079,
    "USDWST": 2.66746,
    "USDXAF": 656.863472,
    "USDXAG": 0.055594,
    "USDXAU": 0.000584,
    "USDXCD": 2.70255,
    "USDXDR": 0.766157,
    "USDXOF": 656.784549,
    "USDXPF": 119.449761,
    "USDYER": 250.249677,
    "USDZAR": 17.05728,
    "USDZMK": 9001.208373,
    "USDZMW": 15.810058,
    "USDZWL": 321.999592,
    "USDUSD": 1
  },
  "source": "USD",
  "success": true,
  "timestamp": 1661944702863
}