{
    "quotes": {
      "USDAED": 3.672903,
      "USDAFN": 89.94647,
      "USDALL": 113.916199,
      "USDAMD": 411.319902,
      "USDANG": 1.801762,
      "USDAOA": 432.019251,
      "USDARS": 130.418955,
      "USDAUD": 1.436203,
      "USDAWG": 1.7975,
      "USDAZN": 1.696692,
      "USDBAM": 1.910513,
      "USDBBD": 2.018481,
      "USDBDT": 94.422357,
      "USDBGN": 1.910398,
      "USDBHD": 0.376884,
      "USDBIF": 2059.273441,
      "USDBMD": 1,
      "USDBND": 1.384642,
      "USDBOB": 6.873004,
      "USDBRL": 5.403197,
      "USDBSD": 0.999668,
      "USDBTC": 4.5637286e-05,
      "USDBTN": 79.75433,
      "USDBWP": 12.606767,
      "USDBYN": 2.523932,
      "USDBYR": 19600,
      "USDBZD": 2.015082,
      "USDCAD": 1.284335,
      "USDCDF": 2002.496504,
      "USDCHF": 0.96398,
      "USDCLF": 0.034119,
      "USDCLP": 940.910041,
      "USDCNY": 6.748399,
      "USDCOP": 4434,
      "USDCRC": 671.417268,
      "USDCUC": 1,
      "USDCUP": 26.5,
      "USDCVE": 107.709064,
      "USDCZK": 23.980197,
      "USDDJF": 177.976615,
      "USDDKK": 7.263503,
      "USDDOP": 54.344938,
      "USDDZD": 145.753005,
      "USDEGP": 18.9211,
      "USDERN": 15,
      "USDETB": 52.589745,
      "USDEUR": 0.975665,
      "USDFJD": 2.19355,
      "USDFKP": 0.842337,
      "USDGBP": 0.82825,
      "USDGEL": 2.940206,
      "USDGGP": 0.842337,
      "USDGHS": 8.272591,
      "USDGIP": 0.842337,
      "USDGMD": 54.089969,
      "USDGNF": 8655.504869,
      "USDGTQ": 7.732778,
      "USDGYD": 209.153647,
      "USDHKD": 7.849475,
      "USDHNL": 24.590708,
      "USDHRK": 7.334794,
      "USDHTG": 117.235181,
      "USDHUF": 387.925042,
      "USDIDR": 14950.8,
      "USDILS": 3.438505,
      "USDIMP": 0.842337,
      "USDINR": 79.7469,
      "USDIQD": 1459.090376,
      "USDIRR": 42349.999722,
      "USDISK": 136.106157,
      "USDJEP": 0.842337,
      "USDJMD": 152.43719,
      "USDJOD": 0.708963,
      "USDJPY": 136.502499,
      "USDKES": 118.669817,
      "USDKGS": 80.421699,
      "USDKHR": 4093.755189,
      "USDKMF": 464.624961,
      "USDKPW": 899.999992,
      "USDKRW": 1309.160058,
      "USDKWD": 0.30704,
      "USDKYD": 0.83304,
      "USDKZT": 477.91198,
      "USDLAK": 15052.11335,
      "USDLBP": 1511.531361,
      "USDLKR": 354.882099,
      "USDLRD": 152.502436,
      "USDLSL": 15.839484,
      "USDLTL": 2.95274,
      "USDLVL": 0.60489,
      "USDLYD": 4.874575,
      "USDMAD": 10.201618,
      "USDMDL": 19.304497,
      "USDMGA": 4203.815496,
      "USDMKD": 60.186768,
      "USDMMK": 1850.939399,
      "USDMNT": 3144.659992,
      "USDMOP": 8.082365,
      "USDMRO": 356.999828,
      "USDMUR": 45.400892,
      "USDMVR": 15.350328,
      "USDMWK": 1026.104539,
      "USDMXN": 20.42424,
      "USDMYR": 4.453498,
      "USDMZN": 63.829874,
      "USDNAD": 15.839815,
      "USDNGN": 425.498309,
      "USDNIO": 35.844412,
      "USDNOK": 9.83361,
      "USDNPR": 127.605642,
      "USDNZD": 1.594298,
      "USDOMR": 0.384503,
      "USDPAB": 0.999668,
      "USDPEN": 3.915624,
      "USDPGK": 3.522511,
      "USDPHP": 55.832502,
      "USDPKR": 229.805419,
      "USDPLN": 4.581649,
      "USDPYG": 6886.453327,
      "USDQAR": 3.640974,
      "USDRON": 4.813404,
      "USDRSD": 114.525012,
      "USDRUB": 58.278503,
      "USDRWF": 1032.606572,
      "USDSAR": 3.757882,
      "USDSBD": 8.159969,
      "USDSCR": 12.783143,
      "USDSDG": 456.502101,
      "USDSEK": 10.14555,
      "USDSGD": 1.384795,
      "USDSHP": 1.377402,
      "USDSLL": 13169.99953,
      "USDSOS": 584.515392,
      "USDSRD": 23.789498,
      "USDSTD": 20697.981008,
      "USDSVC": 8.747424,
      "USDSYP": 2512.529433,
      "USDSZL": 16.762787,
      "USDTHB": 36.658019,
      "USDTJS": 10.09685,
      "USDTMT": 3.51,
      "USDTND": 3.063496,
      "USDTOP": 2.34345,
      "USDTRY": 17.83641,
      "USDTTD": 6.798763,
      "USDTWD": 29.903798,
      "USDTZS": 2331.340986,
      "USDUAH": 36.558141,
      "USDUGX": 3846.326668,
      "USDUSD": 1.000268,
      "USDUYU": 41.803423,
      "USDUZS": 10963.84789,
      "USDVND": 23390,
      "USDVUV": 118.896025,
      "USDWST": 2.72097,
      "USDXAF": 640.751956,
      "USDXAG": 0.054262,
      "USDXAU": 0.000582,
      "USDXCD": 2.70255,
      "USDXDR": 0.759966,
      "USDXOF": 640.751956,
      "USDXPF": 113.149736,
      "USDYER": 250.249566,
      "USDZAR": 16.72375,
      "USDZMK": 9001.199925,
      "USDZMW": 16.320381,
      "USDZWL": 321.999592
    },
    "source": "USD",
    "success": true,
    "timestamp": 1658757786500
  }