{
  "quotes": {
    "USDAED": 3.673104,
    "USDAFN": 89.000368,
    "USDALL": 116.525041,
    "USDAMD": 415.970403,
    "USDANG": 1.802701,
    "USDAOA": 430.04165,
    "USDARS": 143.541511,
    "USDAUD": 1.489807,
    "USDAWG": 1.8,
    "USDAZN": 1.70397,
    "USDBAM": 1.9592,
    "USDBBD": 2.019574,
    "USDBDT": 104.476199,
    "USDBGN": 1.958139,
    "USDBHD": 0.377016,
    "USDBIF": 2048,
    "USDBMD": 1,
    "USDBND": 1.409224,
    "USDBOB": 6.911688,
    "USDBRL": 5.252143,
    "USDBSD": 1.00022,
    "USDBTC": 5.0196982e-05,
    "USDBTN": 79.747566,
    "USDBWP": 13.109448,
    "USDBYN": 2.524743,
    "USDBYR": 19600,
    "USDBZD": 2.016168,
    "USDCAD": 1.32677,
    "USDCDF": 2041.000362,
    "USDCHF": 0.96495,
    "USDCLF": 0.033428,
    "USDCLP": 922.370396,
    "USDCNY": 6.983804,
    "USDCOP": 4435.2,
    "USDCRC": 631.185639,
    "USDCUC": 1,
    "USDCUP": 26.5,
    "USDCVE": 110.67504,
    "USDCZK": 24.483404,
    "USDDJF": 178.066274,
    "USDDKK": 7.424904,
    "USDDOP": 53.450393,
    "USDDZD": 140.428336,
    "USDEGP": 19.427887,
    "USDERN": 15,
    "USDETB": 52.490392,
    "USDEUR": 0.99847,
    "USDFJD": 2.26504,
    "USDFKP": 0.864596,
    "USDGBP": 0.876079,
    "USDGEL": 2.820391,
    "USDGGP": 0.864596,
    "USDGHS": 10.103858,
    "USDGIP": 0.864596,
    "USDGMD": 54.503853,
    "USDGNF": 8725.000355,
    "USDGTQ": 7.801919,
    "USDGYD": 209.269944,
    "USDHKD": 7.849495,
    "USDHNL": 24.680389,
    "USDHRK": 7.513504,
    "USDHTG": 119.029731,
    "USDHUF": 404.064504,
    "USDIDR": 14999.2,
    "USDILS": 3.43101,
    "USDIMP": 0.864596,
    "USDINR": 79.689704,
    "USDIQD": 1461,
    "USDIRR": 42400.000352,
    "USDISK": 139.560386,
    "USDJEP": 0.864596,
    "USDJMD": 152.468245,
    "USDJOD": 0.70904,
    "USDJPY": 142.926504,
    "USDKES": 120.550385,
    "USDKGS": 81.051304,
    "USDKHR": 4120.000351,
    "USDKMF": 491.603796,
    "USDKPW": 900.000045,
    "USDKRW": 1386.490384,
    "USDKWD": 0.30885,
    "USDKYD": 0.833534,
    "USDKZT": 475.26746,
    "USDLAK": 15925.000349,
    "USDLBP": 1517.000349,
    "USDLKR": 359.079116,
    "USDLRD": 154.000348,
    "USDLSL": 17.630382,
    "USDLTL": 2.95274,
    "USDLVL": 0.60489,
    "USDLYD": 4.965039,
    "USDMAD": 10.765039,
    "USDMDL": 19.389851,
    "USDMGA": 4120.000347,
    "USDMKD": 61.631005,
    "USDMMK": 2100.526105,
    "USDMNT": 3224.442056,
    "USDMOP": 8.086909,
    "USDMRO": 356.999828,
    "USDMUR": 45.559383,
    "USDMVR": 15.470378,
    "USDMWK": 1020.503739,
    "USDMXN": 20.03755,
    "USDMYR": 4.535504,
    "USDMZN": 63.830377,
    "USDNAD": 17.630377,
    "USDNGN": 428.880377,
    "USDNIO": 35.970377,
    "USDNOK": 10.18775,
    "USDNPR": 127.596466,
    "USDNZD": 1.671556,
    "USDOMR": 0.385063,
    "USDPAB": 1.00022,
    "USDPEN": 3.876504,
    "USDPGK": 3.520375,
    "USDPHP": 57.345039,
    "USDPKR": 236.903704,
    "USDPLN": 4.713927,
    "USDPYG": 6980.706816,
    "USDQAR": 3.641038,
    "USDRON": 4.915504,
    "USDRSD": 117.172383,
    "USDRUB": 60.50369,
    "USDRWF": 1039,
    "USDSAR": 3.75758,
    "USDSBD": 8.173384,
    "USDSCR": 13.048774,
    "USDSDG": 578.503678,
    "USDSEK": 10.436145,
    "USDSGD": 1.40659,
    "USDSHP": 1.377404,
    "USDSLL": 14615.000339,
    "USDSOS": 568.503667,
    "USDSRD": 27.952038,
    "USDSTD": 20697.981008,
    "USDSVC": 8.752054,
    "USDSYP": 2512.530318,
    "USDSZL": 17.603655,
    "USDTHB": 36.802038,
    "USDTJS": 10.142545,
    "USDTMT": 3.51,
    "USDTND": 3.200504,
    "USDTOP": 2.378038,
    "USDTRY": 18.255504,
    "USDTTD": 6.792984,
    "USDTWD": 31.256704,
    "USDTZS": 2332.582038,
    "USDUAH": 36.941339,
    "USDUGX": 3816.96518,
    "USDUYU": 40.694995,
    "USDUZS": 10962.503624,
    "USDVND": 23660,
    "USDVUV": 118.961877,
    "USDWST": 2.725578,
    "USDXAF": 657.08719,
    "USDXAG": 0.051097,
    "USDXAU": 0.000597,
    "USDXCD": 2.70255,
    "USDXDR": 0.772429,
    "USDXOF": 656.503602,
    "USDXPF": 119.575037,
    "USDYER": 250.375037,
    "USDZAR": 17.57631,
    "USDZMK": 9001.203593,
    "USDZMW": 15.658933,
    "USDZWL": 321.999592,
    "USDUSD": 1
  },
  "source": "USD",
  "success": true,
  "timestamp": 1663383919256
}