{
  "quotes": {
    "USDAED": 3.673104,
    "USDAFN": 87.334631,
    "USDALL": 117.288203,
    "USDAMD": 400.21966,
    "USDANG": 1.78094,
    "USDAOA": 430.04165,
    "USDARS": 140.653687,
    "USDAUD": 1.487885,
    "USDAWG": 1.8,
    "USDAZN": 1.70397,
    "USDBAM": 1.952803,
    "USDBBD": 1.995307,
    "USDBDT": 93.903549,
    "USDBGN": 1.958214,
    "USDBHD": 0.376716,
    "USDBIF": 2039.588638,
    "USDBMD": 1,
    "USDBND": 1.391942,
    "USDBOB": 6.828416,
    "USDBRL": 5.253367,
    "USDBSD": 0.988168,
    "USDBTC": 4.9915491e-05,
    "USDBTN": 78.924966,
    "USDBWP": 12.88393,
    "USDBYN": 2.494334,
    "USDBYR": 19600,
    "USDBZD": 1.991913,
    "USDCAD": 1.326585,
    "USDCDF": 2041.000362,
    "USDCHF": 0.96454,
    "USDCLF": 0.031981,
    "USDCLP": 882.461085,
    "USDCNY": 6.983904,
    "USDCOP": 4428.136389,
    "USDCRC": 647.835854,
    "USDCUC": 1,
    "USDCUP": 26.5,
    "USDCVE": 110.094354,
    "USDCZK": 24.483404,
    "USDDJF": 175.927313,
    "USDDKK": 7.424804,
    "USDDOP": 52.418751,
    "USDDZD": 140.297539,
    "USDEGP": 19.257151,
    "USDERN": 15,
    "USDETB": 52.170436,
    "USDEUR": 0.998373,
    "USDFJD": 2.252304,
    "USDFKP": 0.864596,
    "USDGBP": 0.875691,
    "USDGEL": 2.820391,
    "USDGGP": 0.864596,
    "USDGHS": 9.807898,
    "USDGIP": 0.864596,
    "USDGMD": 54.503853,
    "USDGNF": 8540.96151,
    "USDGTQ": 7.668414,
    "USDGYD": 206.749538,
    "USDHKD": 7.849595,
    "USDHNL": 24.353252,
    "USDHRK": 7.507704,
    "USDHTG": 116.113025,
    "USDHUF": 404.164504,
    "USDIDR": 14999.2,
    "USDILS": 3.42415,
    "USDIMP": 0.864596,
    "USDINR": 79.650504,
    "USDIQD": 1442.294444,
    "USDIRR": 42400.000352,
    "USDISK": 139.560386,
    "USDJEP": 0.864596,
    "USDJMD": 148.230243,
    "USDJOD": 0.70904,
    "USDJPY": 142.93104,
    "USDKES": 118.880236,
    "USDKGS": 81.051304,
    "USDKHR": 4067.395537,
    "USDKMF": 491.603796,
    "USDKPW": 900.000045,
    "USDKRW": 1386.490384,
    "USDKWD": 0.30921,
    "USDKYD": 0.823524,
    "USDKZT": 468.453896,
    "USDLAK": 15544.805551,
    "USDLBP": 1494.184015,
    "USDLKR": 355.751585,
    "USDLRD": 154.000348,
    "USDLSL": 17.630382,
    "USDLTL": 2.95274,
    "USDLVL": 0.60489,
    "USDLYD": 4.895811,
    "USDMAD": 10.523988,
    "USDMDL": 19.171085,
    "USDMGA": 4161.30997,
    "USDMKD": 61.519645,
    "USDMMK": 2075.216614,
    "USDMNT": 3224.442056,
    "USDMOP": 7.989916,
    "USDMRO": 356.999828,
    "USDMUR": 44.000346,
    "USDMVR": 15.470378,
    "USDMWK": 1014.988767,
    "USDMXN": 20.041904,
    "USDMYR": 4.535504,
    "USDMZN": 63.830377,
    "USDNAD": 17.630377,
    "USDNGN": 428.880377,
    "USDNIO": 35.51595,
    "USDNOK": 10.19622,
    "USDNPR": 126.280266,
    "USDNZD": 1.668822,
    "USDOMR": 0.384784,
    "USDPAB": 0.988168,
    "USDPEN": 3.837352,
    "USDPGK": 3.482003,
    "USDPHP": 57.010375,
    "USDPKR": 221.914732,
    "USDPLN": 4.713388,
    "USDPYG": 6819.330038,
    "USDQAR": 3.641038,
    "USDRON": 4.855404,
    "USDRSD": 117.158404,
    "USDRUB": 60.50369,
    "USDRWF": 1022.165643,
    "USDSAR": 3.757309,
    "USDSBD": 8.173384,
    "USDSCR": 13.783038,
    "USDSDG": 578.503678,
    "USDSEK": 10.75849,
    "USDSGD": 1.406404,
    "USDSHP": 1.377404,
    "USDSLL": 14615.000339,
    "USDSOS": 568.503667,
    "USDSRD": 27.952038,
    "USDSTD": 20697.981008,
    "USDSVC": 8.646598,
    "USDSYP": 2512.530318,
    "USDSZL": 17.204034,
    "USDTHB": 36.422038,
    "USDTJS": 10.094454,
    "USDTMT": 3.51,
    "USDTND": 3.200504,
    "USDTOP": 2.378038,
    "USDTRY": 18.258915,
    "USDTTD": 6.693325,
    "USDTWD": 31.256704,
    "USDTZS": 2304.478059,
    "USDUAH": 36.489342,
    "USDUGX": 3765.064151,
    "USDUYU": 40.254605,
    "USDUZS": 10841.745295,
    "USDVND": 23660,
    "USDVUV": 118.961877,
    "USDWST": 2.725578,
    "USDXAF": 654.94184,
    "USDXAG": 0.051097,
    "USDXAU": 0.000597,
    "USDXCD": 2.70255,
    "USDXDR": 0.762917,
    "USDXOF": 654.94184,
    "USDXPF": 119.575037,
    "USDYER": 250.375037,
    "USDZAR": 17.605204,
    "USDZMK": 9001.203593,
    "USDZMW": 15.242973,
    "USDZWL": 321.999592,
    "USDUSD": 1
  },
  "source": "USD",
  "success": true,
  "timestamp": 1663468382718
}