{
  "quotes": {
    "USDAED": 3.673025,
    "USDAFN": 88.53074,
    "USDALL": 119.028721,
    "USDAMD": 404.748063,
    "USDANG": 1.808788,
    "USDAOA": 428.14715,
    "USDARS": 140.576435,
    "USDAUD": 1.487509,
    "USDAWG": 1.805,
    "USDAZN": 1.69943,
    "USDBAM": 1.977553,
    "USDBBD": 2.02636,
    "USDBDT": 95.368018,
    "USDBGN": 1.973419,
    "USDBHD": 0.376949,
    "USDBIF": 2070.574556,
    "USDBMD": 1,
    "USDBND": 1.409916,
    "USDBOB": 6.934981,
    "USDBRL": 5.248902,
    "USDBSD": 1.003635,
    "USDBTC": 5.3191924e-05,
    "USDBTN": 80.066833,
    "USDBWP": 12.966669,
    "USDBYN": 2.533733,
    "USDBYR": 19600,
    "USDBZD": 2.023023,
    "USDCAD": 1.31783,
    "USDCDF": 2025.000224,
    "USDCHF": 0.98309,
    "USDCLF": 0.032363,
    "USDCLP": 893.000494,
    "USDCNY": 6.977701,
    "USDCOP": 4481,
    "USDCRC": 661.09895,
    "USDCUC": 1,
    "USDCUP": 26.5,
    "USDCVE": 111.48746,
    "USDCZK": 24.873014,
    "USDDJF": 178.664415,
    "USDDKK": 7.50893,
    "USDDOP": 53.245841,
    "USDDZD": 140.410592,
    "USDEGP": 19.240901,
    "USDERN": 15,
    "USDETB": 52.981674,
    "USDEUR": 1.009765,
    "USDFJD": 2.243202,
    "USDFKP": 0.823605,
    "USDGBP": 0.871345,
    "USDGEL": 2.859781,
    "USDGGP": 0.823605,
    "USDGHS": 9.985895,
    "USDGIP": 0.823605,
    "USDGMD": 54.949764,
    "USDGNF": 8671.064938,
    "USDGTQ": 7.777783,
    "USDGYD": 210.037259,
    "USDHKD": 7.84985,
    "USDHNL": 24.721316,
    "USDHRK": 7.584801,
    "USDHTG": 121.439441,
    "USDHUF": 404.765007,
    "USDIDR": 14949.05,
    "USDILS": 3.430989,
    "USDIMP": 0.823605,
    "USDINR": 79.918098,
    "USDIQD": 1464.785315,
    "USDIRR": 42300.000068,
    "USDISK": 142.889679,
    "USDJEP": 0.823605,
    "USDJMD": 151.058376,
    "USDJOD": 0.709797,
    "USDJPY": 144.149022,
    "USDKES": 120.296617,
    "USDKGS": 81.0513,
    "USDKHR": 4128.980723,
    "USDKMF": 496.650096,
    "USDKPW": 900.00035,
    "USDKRW": 1387.870277,
    "USDKWD": 0.30918,
    "USDKYD": 0.836189,
    "USDKZT": 474.197624,
    "USDLAK": 15713.007386,
    "USDLBP": 1517.671623,
    "USDLKR": 361.299677,
    "USDLRD": 153.850284,
    "USDLSL": 17.290384,
    "USDLTL": 2.95274,
    "USDLVL": 0.60489,
    "USDLYD": 4.947902,
    "USDMAD": 10.679312,
    "USDMDL": 19.470079,
    "USDMGA": 4226.247592,
    "USDMKD": 62.299358,
    "USDMMK": 2107.601782,
    "USDMNT": 3194.961563,
    "USDMOP": 8.114418,
    "USDMRO": 356.999828,
    "USDMUR": 43.999232,
    "USDMVR": 15.409968,
    "USDMWK": 1030.828964,
    "USDMXN": 20.09778,
    "USDMYR": 4.501498,
    "USDMZN": 63.829919,
    "USDNAD": 17.290062,
    "USDNGN": 425.780013,
    "USDNIO": 36.070231,
    "USDNOK": 10.02714,
    "USDNPR": 128.10669,
    "USDNZD": 1.659185,
    "USDOMR": 0.385031,
    "USDPAB": 1.003625,
    "USDPEN": 3.903985,
    "USDPGK": 3.536204,
    "USDPHP": 57.192501,
    "USDPKR": 223.307701,
    "USDPLN": 4.75955,
    "USDPYG": 6939.935188,
    "USDQAR": 3.640968,
    "USDRON": 4.905502,
    "USDRSD": 118.496888,
    "USDRUB": 61.175097,
    "USDRWF": 1037.415637,
    "USDSAR": 3.757292,
    "USDSBD": 8.206924,
    "USDSCR": 13.128915,
    "USDSDG": 581.999792,
    "USDSEK": 10.793335,
    "USDSGD": 1.407515,
    "USDSHP": 1.377397,
    "USDSLL": 14174.999944,
    "USDSOS": 568.501083,
    "USDSRD": 26.0465,
    "USDSTD": 20697.981008,
    "USDSVC": 8.781464,
    "USDSYP": 2512.53037,
    "USDSZL": 17.20676,
    "USDTHB": 36.699459,
    "USDTJS": 10.176384,
    "USDTMT": 3.5,
    "USDTND": 3.228038,
    "USDTOP": 2.375201,
    "USDTRY": 18.235498,
    "USDTTD": 6.797672,
    "USDTWD": 30.948898,
    "USDTZS": 2332.000428,
    "USDUAH": 37.065232,
    "USDUGX": 3828.758917,
    "USDUYU": 40.956083,
    "USDUZS": 11020.287862,
    "USDVND": 23600,
    "USDVUV": 116.056079,
    "USDWST": 2.66746,
    "USDXAF": 663.249427,
    "USDXAG": 0.055012,
    "USDXAU": 0.000586,
    "USDXCD": 2.70255,
    "USDXDR": 0.771887,
    "USDXOF": 663.249427,
    "USDXPF": 120.924994,
    "USDYER": 250.250023,
    "USDZAR": 17.366598,
    "USDZMK": 9001.203506,
    "USDZMW": 15.45558,
    "USDZWL": 321.999592,
    "USDUSD": 1
  },
  "source": "USD",
  "success": true,
  "timestamp": 1662542907056
}