{
  "quotes": {
    "USDAED": 3.673098,
    "USDAFN": 90.50232,
    "USDALL": 113.299517,
    "USDAMD": 405.780035,
    "USDANG": 1.803067,
    "USDAOA": 429.57605,
    "USDARS": 134.006499,
    "USDAUD": 1.411512,
    "USDAWG": 1.8025,
    "USDAZN": 1.696875,
    "USDBAM": 1.910569,
    "USDBBD": 2.020025,
    "USDBDT": 95.019537,
    "USDBGN": 1.898675,
    "USDBHD": 0.377023,
    "USDBIF": 2045.5,
    "USDBMD": 1,
    "USDBND": 1.37804,
    "USDBOB": 6.888249,
    "USDBRL": 5.095202,
    "USDBSD": 1.000488,
    "USDBTC": 4.1936849e-05,
    "USDBTN": 79.50884,
    "USDBWP": 12.537267,
    "USDBYN": 2.525765,
    "USDBYR": 19600,
    "USDBZD": 2.016606,
    "USDCAD": 1.277375,
    "USDCDF": 2000.000333,
    "USDCHF": 0.94239,
    "USDCLF": 0.032167,
    "USDCLP": 887.57996,
    "USDCNY": 6.723803,
    "USDCOP": 4272.34,
    "USDCRC": 669.102276,
    "USDCUC": 1,
    "USDCUP": 26.5,
    "USDCVE": 107.775001,
    "USDCZK": 23.629402,
    "USDDJF": 177.719468,
    "USDDKK": 7.22245,
    "USDDOP": 54.050361,
    "USDDZD": 143.327997,
    "USDEGP": 19.127033,
    "USDERN": 15,
    "USDETB": 52.210045,
    "USDEUR": 0.97055,
    "USDFJD": 2.170201,
    "USDFKP": 0.842337,
    "USDGBP": 0.818405,
    "USDGEL": 2.705013,
    "USDGGP": 0.842337,
    "USDGHS": 8.920449,
    "USDGIP": 0.842337,
    "USDGMD": 54.150088,
    "USDGNF": 8805.000395,
    "USDGTQ": 7.738595,
    "USDGYD": 209.309368,
    "USDHKD": 7.84665,
    "USDHNL": 24.570042,
    "USDHRK": 7.292301,
    "USDHTG": 127.059685,
    "USDHUF": 383.880235,
    "USDIDR": 14766.5,
    "USDILS": 3.261685,
    "USDIMP": 0.842337,
    "USDINR": 79.09415,
    "USDIQD": 1461,
    "USDIRR": 42299.999674,
    "USDISK": 136.059578,
    "USDJEP": 0.842337,
    "USDJMD": 152.311224,
    "USDJOD": 0.708982,
    "USDJPY": 132.871001,
    "USDKES": 119.349987,
    "USDKGS": 82.230296,
    "USDKHR": 4109.999899,
    "USDKMF": 478.250434,
    "USDKPW": 899.999992,
    "USDKRW": 1297.248714,
    "USDKWD": 0.30633,
    "USDKYD": 0.83374,
    "USDKZT": 478.470255,
    "USDLAK": 15227.504446,
    "USDLBP": 1516.999948,
    "USDLKR": 357.15698,
    "USDLRD": 153.549807,
    "USDLSL": 16.404989,
    "USDLTL": 2.95274,
    "USDLVL": 0.60489,
    "USDLYD": 4.865001,
    "USDMAD": 10.232501,
    "USDMDL": 19.259248,
    "USDMGA": 4139.496831,
    "USDMKD": 59.73127,
    "USDMMK": 2102.485396,
    "USDMNT": 3144.659992,
    "USDMOP": 8.086744,
    "USDMRO": 356.999828,
    "USDMUR": 45.643838,
    "USDMVR": 15.360178,
    "USDMWK": 1023.999487,
    "USDMXN": 20.02579,
    "USDMYR": 4.456964,
    "USDMZN": 63.83016,
    "USDNAD": 16.405012,
    "USDNGN": 418.689655,
    "USDNIO": 35.974999,
    "USDNOK": 9.517895,
    "USDNPR": 127.214028,
    "USDNZD": 1.560615,
    "USDOMR": 0.384954,
    "USDPAB": 1.000488,
    "USDPEN": 3.88395,
    "USDPGK": 3.519807,
    "USDPHP": 55.504976,
    "USDPKR": 221.44977,
    "USDPLN": 4.53942,
    "USDPYG": 6884.4388,
    "USDQAR": 3.640973,
    "USDRON": 4.761505,
    "USDRSD": 113.819862,
    "USDRUB": 61.499735,
    "USDRWF": 1029,
    "USDSAR": 3.758846,
    "USDSBD": 8.244113,
    "USDSCR": 13.334951,
    "USDSDG": 569.508989,
    "USDSEK": 10.048403,
    "USDSGD": 1.368897,
    "USDSHP": 1.377399,
    "USDSLL": 13935.000016,
    "USDSOS": 577.4977,
    "USDSRD": 23.602012,
    "USDSTD": 20697.981008,
    "USDSVC": 8.754518,
    "USDSYP": 2512.529433,
    "USDSZL": 16.404994,
    "USDTHB": 35.329981,
    "USDTJS": 10.234834,
    "USDTMT": 3.5,
    "USDTND": 3.123502,
    "USDTOP": 2.338501,
    "USDTRY": 17.867701,
    "USDTTD": 6.799258,
    "USDTWD": 29.910401,
    "USDTZS": 2331.999774,
    "USDUAH": 36.952105,
    "USDUGX": 3867.0444,
    "USDUYU": 40.21393,
    "USDUZS": 10904.999402,
    "USDVND": 23390,
    "USDVUV": 118.896025,
    "USDWST": 2.72097,
    "USDXAF": 640.770734,
    "USDXAG": 0.048606,
    "USDXAU": 0.000558,
    "USDXCD": 2.70255,
    "USDXDR": 0.757546,
    "USDXOF": 642.498155,
    "USDXPF": 116.299154,
    "USDYER": 250.249951,
    "USDZAR": 16.206355,
    "USDZMK": 9001.208022,
    "USDZMW": 16.033312,
    "USDZWL": 321.999592
  },
  "source": "USD",
  "success": true,
  "timestamp": 1660172796206
}