{
  "quotes": {
    "USDAED": 3.673035,
    "USDAFN": 89.999742,
    "USDALL": 114.375044,
    "USDAMD": 407.709827,
    "USDANG": 1.804927,
    "USDAOA": 433.264021,
    "USDARS": 131.334214,
    "USDAUD": 1.43215,
    "USDAWG": 1.8,
    "USDAZN": 1.69797,
    "USDBAM": 1.912624,
    "USDBBD": 2.02212,
    "USDBDT": 94.816691,
    "USDBGN": 1.91434,
    "USDBHD": 0.376822,
    "USDBIF": 2041,
    "USDBMD": 1,
    "USDBND": 1.380808,
    "USDBOB": 6.895334,
    "USDBRL": 5.172797,
    "USDBSD": 1.001477,
    "USDBTC": 4.2013454e-05,
    "USDBTN": 79.341965,
    "USDBWP": 12.518703,
    "USDBYN": 2.528384,
    "USDBYR": 19600,
    "USDBZD": 2.018698,
    "USDCAD": 1.2815,
    "USDCDF": 1999.999598,
    "USDCHF": 0.954343,
    "USDCLF": 0.032707,
    "USDCLP": 902.480098,
    "USDCNY": 6.7442,
    "USDCOP": 4289.67,
    "USDCRC": 669.789456,
    "USDCUC": 1,
    "USDCUP": 26.5,
    "USDCVE": 104.350497,
    "USDCZK": 24.104899,
    "USDDJF": 177.719814,
    "USDDKK": 7.295155,
    "USDDOP": 54.603002,
    "USDDZD": 145.846455,
    "USDEGP": 18.929026,
    "USDERN": 15,
    "USDETB": 52.150224,
    "USDEUR": 0.97858,
    "USDFJD": 2.18875,
    "USDFKP": 0.842337,
    "USDGBP": 0.821675,
    "USDGEL": 2.850147,
    "USDGGP": 0.842337,
    "USDGHS": 7.849638,
    "USDGIP": 0.842337,
    "USDGMD": 53.849994,
    "USDGNF": 8799.999971,
    "USDGTQ": 7.749049,
    "USDGYD": 209.52679,
    "USDHKD": 7.849535,
    "USDHNL": 24.559669,
    "USDHRK": 7.368298,
    "USDHTG": 117.175016,
    "USDHUF": 395.448985,
    "USDIDR": 14815.4,
    "USDILS": 3.409005,
    "USDIMP": 0.842337,
    "USDINR": 79.195011,
    "USDIQD": 1460,
    "USDIRR": 42299.999519,
    "USDISK": 135.640151,
    "USDJEP": 0.842337,
    "USDJMD": 153.775218,
    "USDJOD": 0.709036,
    "USDJPY": 133.256503,
    "USDKES": 118.949443,
    "USDKGS": 83.173958,
    "USDKHR": 4082.999777,
    "USDKMF": 464.625002,
    "USDKPW": 899.999992,
    "USDKRW": 1303.279805,
    "USDKWD": 0.30695,
    "USDKYD": 0.834548,
    "USDKZT": 477.874808,
    "USDLAK": 14875.000365,
    "USDLBP": 1518.000069,
    "USDLKR": 358.525118,
    "USDLRD": 152.750091,
    "USDLSL": 15.840035,
    "USDLTL": 2.95274,
    "USDLVL": 0.60489,
    "USDLYD": 4.865008,
    "USDMAD": 10.303502,
    "USDMDL": 19.338933,
    "USDMGA": 4165.000242,
    "USDMKD": 60.253865,
    "USDMMK": 1854.270235,
    "USDMNT": 3144.659992,
    "USDMOP": 8.097497,
    "USDMRO": 356.999828,
    "USDMUR": 45.525672,
    "USDMVR": 15.432476,
    "USDMWK": 1019.999767,
    "USDMXN": 20.381599,
    "USDMYR": 4.450503,
    "USDMZN": 63.829692,
    "USDNAD": 15.840075,
    "USDNGN": 415.870194,
    "USDNIO": 35.849962,
    "USDNOK": 9.671099,
    "USDNPR": 126.947261,
    "USDNZD": 1.593838,
    "USDOMR": 0.384841,
    "USDPAB": 1.001477,
    "USDPEN": 3.933499,
    "USDPGK": 3.524977,
    "USDPHP": 55.355501,
    "USDPKR": 207.099634,
    "USDPLN": 4.32175,
    "USDPYG": 6905.895814,
    "USDQAR": 3.640995,
    "USDRON": 4.833497,
    "USDRSD": 114.764965,
    "USDRUB": 62.249879,
    "USDRWF": 1029,
    "USDSAR": 3.75585,
    "USDSBD": 8.21038,
    "USDSCR": 13.417437,
    "USDSDG": 456.498055,
    "USDSEK": 10.18279,
    "USDSGD": 1.381305,
    "USDSHP": 1.377397,
    "USDSLL": 13169.999769,
    "USDSOS": 584.999917,
    "USDSRD": 24.221035,
    "USDSTD": 20697.981008,
    "USDSVC": 8.763043,
    "USDSYP": 2512.529433,
    "USDSZL": 16.578801,
    "USDTHB": 36.3715,
    "USDTJS": 10.190203,
    "USDTMT": 3.5,
    "USDTND": 3.134501,
    "USDTOP": 2.33685,
    "USDTRY": 17.924995,
    "USDTTD": 6.80214,
    "USDTWD": 30.012011,
    "USDTZS": 2329.999892,
    "USDUAH": 36.967602,
    "USDUGX": 3865.772206,
    "USDUSD": 1.000268,
    "USDUYU": 41.592427,
    "USDUZS": 10934.999681,
    "USDVND": 23340,
    "USDVUV": 118.896025,
    "USDWST": 2.72097,
    "USDXAF": 641.460004,
    "USDXAG": 0.049124,
    "USDXAU": 0.000566,
    "USDXCD": 2.70255,
    "USDXDR": 0.760512,
    "USDXOF": 642.999941,
    "USDXPF": 113.150248,
    "USDYER": 250.149901,
    "USDZAR": 16.58499,
    "USDZMK": 9001.212179,
    "USDZMW": 16.361983,
    "USDZWL": 321.999592
  },
  "source": "USD",
  "success": true,
  "timestamp": 1659301577243
}