{
  "quotes": {
    "USDAED": 3.673098,
    "USDAFN": 90.340624,
    "USDALL": 115.437074,
    "USDAMD": 406.104119,
    "USDANG": 1.810966,
    "USDAOA": 428.48195,
    "USDARS": 134.533683,
    "USDAUD": 1.42469,
    "USDAWG": 1.8025,
    "USDAZN": 1.703157,
    "USDBAM": 1.926205,
    "USDBBD": 2.029033,
    "USDBDT": 95.495283,
    "USDBGN": 1.92586,
    "USDBHD": 0.376996,
    "USDBIF": 2071.543931,
    "USDBMD": 1,
    "USDBND": 1.382822,
    "USDBOB": 6.944198,
    "USDBRL": 5.097396,
    "USDBSD": 1.004919,
    "USDBTC": 4.1395687e-05,
    "USDBTN": 79.898757,
    "USDBWP": 12.561007,
    "USDBYN": 2.53602,
    "USDBYR": 19600,
    "USDBZD": 2.025586,
    "USDCAD": 1.290901,
    "USDCDF": 2000.000093,
    "USDCHF": 0.94656,
    "USDCLF": 0.031929,
    "USDCLP": 881.010097,
    "USDCNY": 6.793899,
    "USDCOP": 4161.67,
    "USDCRC": 670.267556,
    "USDCUC": 1,
    "USDCUP": 26.5,
    "USDCVE": 108.594812,
    "USDCZK": 24.086495,
    "USDDJF": 178.903984,
    "USDDKK": 7.32376,
    "USDDOP": 54.371781,
    "USDDZD": 142.860378,
    "USDEGP": 19.153923,
    "USDERN": 15,
    "USDETB": 52.950821,
    "USDEUR": 0.984749,
    "USDFJD": 2.196894,
    "USDFKP": 0.823605,
    "USDGBP": 0.830098,
    "USDGEL": 2.789892,
    "USDGGP": 0.823605,
    "USDGHS": 9.22039,
    "USDGIP": 0.823605,
    "USDGMD": 54.249427,
    "USDGNF": 8677.78117,
    "USDGTQ": 7.77827,
    "USDGYD": 210.24641,
    "USDHKD": 7.83745,
    "USDHNL": 24.721314,
    "USDHRK": 7.322203,
    "USDHTG": 126.613554,
    "USDHUF": 393.070147,
    "USDIDR": 14765.95,
    "USDILS": 3.27736,
    "USDIMP": 0.823605,
    "USDINR": 79.556504,
    "USDIQD": 1466.72707,
    "USDIRR": 42300.000131,
    "USDISK": 138.159793,
    "USDJEP": 0.823605,
    "USDJMD": 152.530823,
    "USDJOD": 0.708959,
    "USDJPY": 133.364498,
    "USDKES": 119.990085,
    "USDKGS": 82.374953,
    "USDKHR": 4126.504244,
    "USDKMF": 484.649873,
    "USDKPW": 900.00035,
    "USDKRW": 1309.84499,
    "USDKWD": 0.30684,
    "USDKYD": 0.837412,
    "USDKZT": 478.801249,
    "USDLAK": 15295.699189,
    "USDLBP": 1519.48474,
    "USDLKR": 364.793035,
    "USDLRD": 153.501093,
    "USDLSL": 16.449689,
    "USDLTL": 2.95274,
    "USDLVL": 0.60489,
    "USDLYD": 4.882584,
    "USDMAD": 10.499911,
    "USDMDL": 19.319585,
    "USDMGA": 4131.119613,
    "USDMKD": 60.680819,
    "USDMMK": 2110.35129,
    "USDMNT": 3194.961563,
    "USDMOP": 8.111563,
    "USDMRO": 356.999828,
    "USDMUR": 45.497509,
    "USDMVR": 15.35995,
    "USDMWK": 1031.383188,
    "USDMXN": 19.842602,
    "USDMYR": 4.465499,
    "USDMZN": 63.830218,
    "USDNAD": 16.449714,
    "USDNGN": 419.389674,
    "USDNIO": 36.0802,
    "USDNOK": 9.72157,
    "USDNPR": 127.825265,
    "USDNZD": 1.572755,
    "USDOMR": 0.385021,
    "USDPAB": 1.004944,
    "USDPEN": 3.898048,
    "USDPGK": 3.540655,
    "USDPHP": 56.018019,
    "USDPKR": 214.166006,
    "USDPLN": 4.61449,
    "USDPYG": 6915.531657,
    "USDQAR": 3.640999,
    "USDRON": 4.760123,
    "USDRSD": 115.509939,
    "USDRUB": 61.499644,
    "USDRWF": 1039.518257,
    "USDSAR": 3.754864,
    "USDSBD": 8.24074,
    "USDSCR": 13.124665,
    "USDSDG": 569.490663,
    "USDSEK": 10.34589,
    "USDSGD": 1.37754,
    "USDSHP": 1.377397,
    "USDSLL": 13984.999828,
    "USDSOS": 569.999903,
    "USDSRD": 24.204498,
    "USDSTD": 20697.981008,
    "USDSVC": 8.793665,
    "USDSYP": 2512.53037,
    "USDSZL": 16.437818,
    "USDTHB": 35.481029,
    "USDTJS": 10.275865,
    "USDTMT": 3.5005,
    "USDTND": 3.150502,
    "USDTOP": 2.3168,
    "USDTRY": 17.957903,
    "USDTTD": 6.827229,
    "USDTWD": 30.007801,
    "USDTZS": 2333.999773,
    "USDUAH": 37.045944,
    "USDUGX": 3776.615651,
    "USDUYU": 40.404787,
    "USDUZS": 10964.846193,
    "USDVND": 23410,
    "USDVUV": 116.056079,
    "USDWST": 2.66746,
    "USDXAF": 645.957577,
    "USDXAG": 0.049607,
    "USDXAU": 0.000562,
    "USDXCD": 2.70255,
    "USDXDR": 0.758572,
    "USDXOF": 646.005289,
    "USDXPF": 117.949912,
    "USDYER": 250.250169,
    "USDZAR": 16.438945,
    "USDZMK": 9001.204454,
    "USDZMW": 16.191785,
    "USDZWL": 321.999592
  },
  "source": "USD",
  "success": true,
  "timestamp": 1660614770154
}