{
  "quotes": {
    "USDAED": 3.673042,
    "USDAFN": 88.000368,
    "USDALL": 118.403989,
    "USDAMD": 395.530403,
    "USDANG": 1.803558,
    "USDAOA": 482.61325,
    "USDARS": 156.002208,
    "USDAUD": 1.558862,
    "USDAWG": 1.8,
    "USDAZN": 1.70397,
    "USDBAM": 1.967517,
    "USDBBD": 2.020553,
    "USDBDT": 101.382849,
    "USDBGN": 1.96281,
    "USDBHD": 0.377001,
    "USDBIF": 2053,
    "USDBMD": 1,
    "USDBND": 1.413452,
    "USDBOB": 6.914948,
    "USDBRL": 5.292657,
    "USDBSD": 1.00077,
    "USDBTC": 4.8580994e-05,
    "USDBTN": 82.84944,
    "USDBWP": 13.378805,
    "USDBYN": 2.534354,
    "USDBYR": 19600,
    "USDBZD": 2.017132,
    "USDCAD": 1.36453,
    "USDCDF": 2040.000362,
    "USDCHF": 0.99634,
    "USDCLF": 0.03419,
    "USDCLP": 943.403912,
    "USDCNY": 7.252504,
    "USDCOP": 4835.01,
    "USDCRC": 621.346331,
    "USDCUC": 1,
    "USDCUP": 26.5,
    "USDCVE": 111.350394,
    "USDCZK": 24.59855,
    "USDDJF": 177.720394,
    "USDDKK": 7.469804,
    "USDDOP": 54.000359,
    "USDDZD": 140.228789,
    "USDEGP": 23.148864,
    "USDERN": 15,
    "USDETB": 52.87604,
    "USDEUR": 1.00355,
    "USDFJD": 2.30504,
    "USDFKP": 0.882525,
    "USDGBP": 0.861067,
    "USDGEL": 2.76504,
    "USDGGP": 0.882525,
    "USDGHS": 14.05039,
    "USDGIP": 0.882525,
    "USDGMD": 58.05039,
    "USDGNF": 8700.000355,
    "USDGTQ": 7.840709,
    "USDGYD": 209.368885,
    "USDHKD": 7.848915,
    "USDHNL": 24.803841,
    "USDHRK": 7.55804,
    "USDHTG": 129.093689,
    "USDHUF": 413.738504,
    "USDIDR": 15557.3,
    "USDILS": 3.53258,
    "USDIMP": 0.882525,
    "USDINR": 82.287704,
    "USDIQD": 1460,
    "USDIRR": 42400.000352,
    "USDISK": 143.803816,
    "USDJEP": 0.882525,
    "USDJMD": 153.110303,
    "USDJOD": 0.70904,
    "USDJPY": 147.45504,
    "USDKES": 121.403804,
    "USDKGS": 83.248104,
    "USDKHR": 4145.000351,
    "USDKMF": 493.503796,
    "USDKPW": 899.999862,
    "USDKRW": 1422.00035,
    "USDKWD": 0.30975,
    "USDKYD": 0.833874,
    "USDKZT": 468.468015,
    "USDLAK": 16925.000349,
    "USDLBP": 1522.000349,
    "USDLKR": 367.221647,
    "USDLRD": 153.625039,
    "USDLSL": 17.940382,
    "USDLTL": 2.95274,
    "USDLVL": 0.60489,
    "USDLYD": 4.970381,
    "USDMAD": 10.865039,
    "USDMDL": 19.293403,
    "USDMGA": 4260.000347,
    "USDMKD": 61.893521,
    "USDMMK": 2101.267616,
    "USDMNT": 3359.775161,
    "USDMOP": 8.089222,
    "USDMRO": 356.999828,
    "USDMUR": 44.443329,
    "USDMVR": 15.403741,
    "USDMWK": 1028.000345,
    "USDMXN": 19.800104,
    "USDMYR": 4.722504,
    "USDMZN": 63.830377,
    "USDNAD": 17.940377,
    "USDNGN": 438.000344,
    "USDNIO": 35.975039,
    "USDNOK": 10.295875,
    "USDNPR": 132.541367,
    "USDNZD": 1.759451,
    "USDOMR": 0.385018,
    "USDPAB": 1.000669,
    "USDPEN": 3.990375,
    "USDPGK": 3.520375,
    "USDPHP": 58.105039,
    "USDPKR": 221.375038,
    "USDPLN": 4.73395,
    "USDPYG": 7284.561679,
    "USDQAR": 3.64075,
    "USDRON": 4.940404,
    "USDRSD": 117.740373,
    "USDRUB": 61.525038,
    "USDRWF": 1047,
    "USDSAR": 3.758513,
    "USDSBD": 8.203716,
    "USDSCR": 13.053033,
    "USDSDG": 572.00034,
    "USDSEK": 10.947604,
    "USDSGD": 1.416075,
    "USDSHP": 1.377404,
    "USDSLL": 17175.000339,
    "USDSOS": 569.503667,
    "USDSRD": 29.130371,
    "USDSTD": 20697.981008,
    "USDSVC": 8.756231,
    "USDSYP": 2512.530034,
    "USDSZL": 17.94037,
    "USDTHB": 37.895038,
    "USDTJS": 10.081886,
    "USDTMT": 3.5,
    "USDTND": 3.225038,
    "USDTOP": 2.413038,
    "USDTRY": 18.583604,
    "USDTTD": 6.795636,
    "USDTWD": 32.114504,
    "USDTZS": 2333.680368,
    "USDUAH": 36.943142,
    "USDUGX": 3807.617246,
    "USDUYU": 41.019967,
    "USDUZS": 11175.000335,
    "USDVND": 24832.5,
    "USDVUV": 125.149891,
    "USDWST": 2.844937,
    "USDXAF": 659.903221,
    "USDXAG": 0.051953,
    "USDXAU": 0.000608,
    "USDXCD": 2.70255,
    "USDXDR": 0.775538,
    "USDXOF": 651.503602,
    "USDXPF": 120.150364,
    "USDYER": 250.250364,
    "USDZAR": 18.13661,
    "USDZMK": 9001.203593,
    "USDZMW": 16.151645,
    "USDZWL": 321.999592,
    "USDUSD": 1
  },
  "source": "USD",
  "success": true,
  "timestamp": 1667004700927
}