{
  "quotes": {
    "USDAED": 3.6731,
    "USDAFN": 88.857588,
    "USDALL": 117.893254,
    "USDAMD": 404.949947,
    "USDANG": 1.814981,
    "USDAOA": 429.28555,
    "USDARS": 136.651497,
    "USDAUD": 1.449832,
    "USDAWG": 1.805,
    "USDAZN": 1.697017,
    "USDBAM": 1.967725,
    "USDBBD": 2.032993,
    "USDBDT": 95.697592,
    "USDBGN": 1.96703,
    "USDBHD": 0.376987,
    "USDBIF": 2076.48272,
    "USDBMD": 1,
    "USDBND": 1.405403,
    "USDBOB": 6.958866,
    "USDBRL": 5.157396,
    "USDBSD": 1.007093,
    "USDBTC": 4.708949e-05,
    "USDBTN": 80.416419,
    "USDBWP": 12.894814,
    "USDBYN": 2.540965,
    "USDBYR": 19600,
    "USDBZD": 2.029573,
    "USDCAD": 1.302725,
    "USDCDF": 2000.999994,
    "USDCHF": 0.963805,
    "USDCLF": 0.033994,
    "USDCLP": 937.999739,
    "USDCNY": 6.849499,
    "USDCOP": 4400.32,
    "USDCRC": 656.682932,
    "USDCUC": 1,
    "USDCUP": 26.5,
    "USDCVE": 110.936164,
    "USDCZK": 24.803097,
    "USDDJF": 179.284672,
    "USDDKK": 7.48202,
    "USDDOP": 54.180794,
    "USDDZD": 141.686783,
    "USDEGP": 19.172115,
    "USDERN": 15,
    "USDETB": 53.102168,
    "USDEUR": 1.00585,
    "USDFJD": 2.210497,
    "USDFKP": 0.823605,
    "USDGBP": 0.84951,
    "USDGEL": 2.790287,
    "USDGGP": 0.823605,
    "USDGHS": 9.909653,
    "USDGIP": 0.823605,
    "USDGMD": 54.425019,
    "USDGNF": 8688.565823,
    "USDGTQ": 7.792344,
    "USDGYD": 210.694703,
    "USDHKD": 7.846505,
    "USDHNL": 24.775894,
    "USDHRK": 7.553703,
    "USDHTG": 132.935258,
    "USDHUF": 411.252006,
    "USDIDR": 14895.05,
    "USDILS": 3.292945,
    "USDIMP": 0.823605,
    "USDINR": 79.85103,
    "USDIQD": 1469.556908,
    "USDIRR": 42350.000315,
    "USDISK": 140.93995,
    "USDJEP": 0.823605,
    "USDJMD": 152.003622,
    "USDJOD": 0.708966,
    "USDJPY": 137.132006,
    "USDKES": 119.849719,
    "USDKGS": 80.749995,
    "USDKHR": 4131.596157,
    "USDKMF": 493.950185,
    "USDKPW": 900.00035,
    "USDKRW": 1341.297794,
    "USDKWD": 0.307597,
    "USDKYD": 0.839109,
    "USDKZT": 477.010511,
    "USDLAK": 15362.973394,
    "USDLBP": 1522.406076,
    "USDLKR": 362.477091,
    "USDLRD": 153.650385,
    "USDLSL": 16.989792,
    "USDLTL": 2.952739,
    "USDLVL": 0.60489,
    "USDLYD": 4.917451,
    "USDMAD": 10.533374,
    "USDMDL": 19.412664,
    "USDMGA": 4153.709945,
    "USDMKD": 61.989728,
    "USDMMK": 2114.874189,
    "USDMNT": 3194.961563,
    "USDMOP": 8.136398,
    "USDMRO": 356.999828,
    "USDMUR": 46.349853,
    "USDMVR": 15.35017,
    "USDMWK": 1036.439459,
    "USDMXN": 20.09544,
    "USDMYR": 4.487497,
    "USDMZN": 63.830166,
    "USDNAD": 16.990162,
    "USDNGN": 420.899295,
    "USDNIO": 36.19498,
    "USDNOK": 9.8181,
    "USDNPR": 128.666432,
    "USDNZD": 1.615315,
    "USDOMR": 0.385003,
    "USDPAB": 1.007088,
    "USDPEN": 3.892329,
    "USDPGK": 3.548569,
    "USDPHP": 56.171499,
    "USDPKR": 217.655818,
    "USDPLN": 4.788333,
    "USDPYG": 6930.328487,
    "USDQAR": 3.64099,
    "USDRON": 4.911904,
    "USDRSD": 118.044659,
    "USDRUB": 59.825013,
    "USDRWF": 1039.307812,
    "USDSAR": 3.75565,
    "USDSBD": 8.220417,
    "USDSCR": 13.257252,
    "USDSDG": 569.999813,
    "USDSEK": 10.708005,
    "USDSGD": 1.396975,
    "USDSHP": 1.377399,
    "USDSLL": 13994.999932,
    "USDSOS": 571.498512,
    "USDSRD": 24.474945,
    "USDSTD": 20697.981008,
    "USDSVC": 8.810542,
    "USDSYP": 2512.53037,
    "USDSZL": 17.152674,
    "USDTHB": 36.180154,
    "USDTJS": 10.297399,
    "USDTMT": 3.51,
    "USDTND": 3.1855,
    "USDTOP": 2.35285,
    "USDTRY": 18.087302,
    "USDTTD": 6.829855,
    "USDTWD": 30.171028,
    "USDTZS": 2331.999542,
    "USDUAH": 37.194024,
    "USDUGX": 3883.293928,
    "USDUYU": 40.811912,
    "USDUZS": 10977.921536,
    "USDVND": 23420,
    "USDVUV": 116.056079,
    "USDWST": 2.66746,
    "USDXAF": 659.949696,
    "USDXAG": 0.052733,
    "USDXAU": 0.000575,
    "USDXCD": 2.70255,
    "USDXDR": 0.769254,
    "USDXOF": 659.949696,
    "USDXPF": 120.324985,
    "USDYER": 250.250055,
    "USDZAR": 16.97915,
    "USDZMK": 9001.190334,
    "USDZMW": 16.246039,
    "USDZWL": 321.999592,
    "USDUSD": 1
  },
  "source": "USD",
  "success": true,
  "timestamp": 1661228085223
}