{
  "quotes": {
    "USDAED": 3.673034,
    "USDAFN": 90.50233,
    "USDALL": 113.92499,
    "USDAMD": 405.779952,
    "USDANG": 1.803067,
    "USDAOA": 429.508197,
    "USDARS": 134.056503,
    "USDAUD": 1.40997,
    "USDAWG": 1.8,
    "USDAZN": 1.701869,
    "USDBAM": 1.910569,
    "USDBBD": 2.020025,
    "USDBDT": 95.019537,
    "USDBGN": 1.896301,
    "USDBHD": 0.377065,
    "USDBIF": 2043.5,
    "USDBMD": 1,
    "USDBND": 1.37804,
    "USDBOB": 6.888249,
    "USDBRL": 5.045502,
    "USDBSD": 1.000488,
    "USDBTC": 4.175158e-05,
    "USDBTN": 79.50884,
    "USDBWP": 12.537267,
    "USDBYN": 2.525765,
    "USDBYR": 19600,
    "USDBZD": 2.016606,
    "USDCAD": 1.27688,
    "USDCDF": 2000.999876,
    "USDCHF": 0.94002,
    "USDCLF": 0.032238,
    "USDCLP": 889.589608,
    "USDCNY": 6.725698,
    "USDCOP": 4291.34,
    "USDCRC": 669.102276,
    "USDCUC": 1,
    "USDCUP": 26.5,
    "USDCVE": 108.34992,
    "USDCZK": 23.514201,
    "USDDJF": 178.117521,
    "USDDKK": 7.18623,
    "USDDOP": 54.24993,
    "USDDZD": 143.152991,
    "USDEGP": 19.130803,
    "USDERN": 15,
    "USDETB": 52.2023,
    "USDEUR": 0.965905,
    "USDFJD": 2.16925,
    "USDFKP": 0.842337,
    "USDGBP": 0.81624,
    "USDGEL": 2.705028,
    "USDGGP": 0.842337,
    "USDGHS": 8.81499,
    "USDGIP": 0.842337,
    "USDGMD": 54.198559,
    "USDGNF": 8799.999893,
    "USDGTQ": 7.738595,
    "USDGYD": 209.309368,
    "USDHKD": 7.846255,
    "USDHNL": 24.550274,
    "USDHRK": 7.255698,
    "USDHTG": 127.059685,
    "USDHUF": 380.239748,
    "USDIDR": 14780.25,
    "USDILS": 3.262045,
    "USDIMP": 0.842337,
    "USDINR": 79.07325,
    "USDIQD": 1460,
    "USDIRR": 42349.999864,
    "USDISK": 135.320089,
    "USDJEP": 0.842337,
    "USDJMD": 152.311224,
    "USDJOD": 0.708944,
    "USDJPY": 132.178983,
    "USDKES": 119.303468,
    "USDKGS": 82.230299,
    "USDKHR": 4111.999971,
    "USDKMF": 481.849752,
    "USDKPW": 899.999992,
    "USDKRW": 1297.415014,
    "USDKWD": 0.30616,
    "USDKYD": 0.83374,
    "USDKZT": 478.470255,
    "USDLAK": 15229.999873,
    "USDLBP": 1517.501729,
    "USDLKR": 357.15698,
    "USDLRD": 153.501455,
    "USDLSL": 16.597429,
    "USDLTL": 2.95274,
    "USDLVL": 0.60489,
    "USDLYD": 4.875023,
    "USDMAD": 10.264982,
    "USDMDL": 19.259248,
    "USDMGA": 4185.000167,
    "USDMKD": 60.100615,
    "USDMMK": 2102.485396,
    "USDMNT": 3144.659992,
    "USDMOP": 8.086744,
    "USDMRO": 356.999828,
    "USDMUR": 45.6546,
    "USDMVR": 15.379727,
    "USDMWK": 1017.000258,
    "USDMXN": 19.932302,
    "USDMYR": 4.454957,
    "USDMZN": 63.829731,
    "USDNAD": 16.603383,
    "USDNGN": 418.690251,
    "USDNIO": 35.899252,
    "USDNOK": 9.522445,
    "USDNPR": 127.214028,
    "USDNZD": 1.55956,
    "USDOMR": 0.384991,
    "USDPAB": 1.000488,
    "USDPEN": 3.933504,
    "USDPGK": 3.524984,
    "USDPHP": 55.399498,
    "USDPKR": 224.374987,
    "USDPLN": 4.517205,
    "USDPYG": 6884.4388,
    "USDQAR": 3.640978,
    "USDRON": 4.742403,
    "USDRSD": 113.375035,
    "USDRUB": 61.183044,
    "USDRWF": 1029,
    "USDSAR": 3.759473,
    "USDSBD": 8.230542,
    "USDSCR": 12.743517,
    "USDSDG": 570.490528,
    "USDSEK": 10.02596,
    "USDSGD": 1.36832,
    "USDSHP": 1.377399,
    "USDSLL": 13935.000207,
    "USDSOS": 580.999682,
    "USDSRD": 23.601985,
    "USDSTD": 20697.981008,
    "USDSVC": 8.754518,
    "USDSYP": 2512.529433,
    "USDSZL": 16.583311,
    "USDTHB": 35.270207,
    "USDTJS": 10.234834,
    "USDTMT": 3.51,
    "USDTND": 3.136499,
    "USDTOP": 2.338503,
    "USDTRY": 17.900599,
    "USDTTD": 6.799258,
    "USDTWD": 29.921016,
    "USDTZS": 2332.548007,
    "USDUAH": 36.952105,
    "USDUGX": 3867.0444,
    "USDUYU": 40.21393,
    "USDUZS": 10894.999947,
    "USDVND": 23390,
    "USDVUV": 118.896025,
    "USDWST": 2.72097,
    "USDXAF": 640.770734,
    "USDXAG": 0.048055,
    "USDXAU": 0.000555,
    "USDXCD": 2.70255,
    "USDXDR": 0.757546,
    "USDXOF": 642.512991,
    "USDXPF": 117.049962,
    "USDYER": 250.25017,
    "USDZAR": 16.13795,
    "USDZMK": 9001.195699,
    "USDZMW": 16.033312,
    "USDZWL": 321.999592
  },
  "source": "USD",
  "success": true,
  "timestamp": 1660142704955
}