{
  "quotes": {
    "USDAED": 3.67302,
    "USDAFN": 90.447334,
    "USDALL": 114.562498,
    "USDAMD": 405.596737,
    "USDANG": 1.800898,
    "USDAOA": 430.204025,
    "USDARS": 132.85867,
    "USDAUD": 1.43124,
    "USDAWG": 1.8025,
    "USDAZN": 1.704601,
    "USDBAM": 1.917706,
    "USDBBD": 2.01759,
    "USDBDT": 94.663241,
    "USDBGN": 1.91972,
    "USDBHD": 0.376966,
    "USDBIF": 2059.359925,
    "USDBMD": 1,
    "USDBND": 1.377596,
    "USDBOB": 6.859925,
    "USDBRL": 5.129497,
    "USDBSD": 0.999235,
    "USDBTC": 4.1434267e-05,
    "USDBTN": 79.503054,
    "USDBWP": 12.585206,
    "USDBYN": 2.522748,
    "USDBYR": 19600,
    "USDBZD": 2.014257,
    "USDCAD": 1.28539,
    "USDCDF": 1999.999807,
    "USDCHF": 0.957415,
    "USDCLF": 0.033037,
    "USDCLP": 911.593159,
    "USDCNY": 6.757699,
    "USDCOP": 4344.03,
    "USDCRC": 667.549123,
    "USDCUC": 1,
    "USDCUP": 26.5,
    "USDCVE": 108.115661,
    "USDCZK": 24.037699,
    "USDDJF": 177.893478,
    "USDDKK": 7.29559,
    "USDDOP": 54.53975,
    "USDDZD": 144.196996,
    "USDEGP": 19.1489,
    "USDERN": 15,
    "USDETB": 52.61972,
    "USDEUR": 0.980505,
    "USDFJD": 2.190202,
    "USDFKP": 0.842337,
    "USDGBP": 0.82511,
    "USDGEL": 2.710303,
    "USDGGP": 0.842337,
    "USDGHS": 8.718575,
    "USDGIP": 0.842337,
    "USDGMD": 54.188498,
    "USDGNF": 8641.114641,
    "USDGTQ": 7.729341,
    "USDGYD": 209.171667,
    "USDHKD": 7.85005,
    "USDHNL": 24.587206,
    "USDHRK": 7.362985,
    "USDHTG": 120.911284,
    "USDHUF": 386.084971,
    "USDIDR": 14850.35,
    "USDILS": 3.322885,
    "USDIMP": 0.842337,
    "USDINR": 79.575009,
    "USDIQD": 1458.426482,
    "USDIRR": 42350.000258,
    "USDISK": 137.369674,
    "USDJEP": 0.842337,
    "USDJMD": 152.469432,
    "USDJOD": 0.709794,
    "USDJPY": 134.887503,
    "USDKES": 119.209959,
    "USDKGS": 83.000262,
    "USDKHR": 4114.255457,
    "USDKMF": 484.15009,
    "USDKPW": 899.999992,
    "USDKRW": 1303.504969,
    "USDKWD": 0.30669,
    "USDKYD": 0.832753,
    "USDKZT": 476.761972,
    "USDLAK": 15205.25516,
    "USDLBP": 1511.060125,
    "USDLKR": 360.245534,
    "USDLRD": 153.550336,
    "USDLSL": 16.796617,
    "USDLTL": 2.95274,
    "USDLVL": 0.60489,
    "USDLYD": 4.873613,
    "USDMAD": 10.289936,
    "USDMDL": 19.285798,
    "USDMGA": 4201.906107,
    "USDMKD": 60.325725,
    "USDMMK": 2100.078151,
    "USDMNT": 3144.659992,
    "USDMOP": 8.079857,
    "USDMRO": 356.999828,
    "USDMUR": 45.551071,
    "USDMVR": 15.34981,
    "USDMWK": 1025.296113,
    "USDMXN": 20.27925,
    "USDMYR": 4.459,
    "USDMZN": 63.830189,
    "USDNAD": 16.803879,
    "USDNGN": 425.503684,
    "USDNIO": 35.878731,
    "USDNOK": 9.738197,
    "USDNPR": 127.205781,
    "USDNZD": 1.58878,
    "USDOMR": 0.385036,
    "USDPAB": 0.999235,
    "USDPEN": 3.910264,
    "USDPGK": 3.52121,
    "USDPHP": 55.419496,
    "USDPKR": 224.148281,
    "USDPLN": 4.610113,
    "USDPYG": 6850.217673,
    "USDQAR": 3.641011,
    "USDRON": 4.821011,
    "USDRSD": 114.995013,
    "USDRUB": 60.777502,
    "USDRWF": 1035.190415,
    "USDSAR": 3.75975,
    "USDSBD": 8.250876,
    "USDSCR": 13.042476,
    "USDSDG": 569.999696,
    "USDSEK": 10.15948,
    "USDSGD": 1.378255,
    "USDSHP": 1.377402,
    "USDSLL": 13900.000526,
    "USDSOS": 581.498106,
    "USDSRD": 25.152502,
    "USDSTD": 20697.981008,
    "USDSVC": 8.743185,
    "USDSYP": 2512.529433,
    "USDSZL": 16.649018,
    "USDTHB": 35.579882,
    "USDTJS": 10.202475,
    "USDTMT": 3.51,
    "USDTND": 3.154021,
    "USDTOP": 2.345599,
    "USDTRY": 17.964699,
    "USDTTD": 6.787367,
    "USDTWD": 30.038799,
    "USDTZS": 2331.284073,
    "USDUAH": 36.904342,
    "USDUGX": 3874.181276,
    "USDUYU": 40.640075,
    "USDUZS": 10877.99545,
    "USDVND": 23390.5,
    "USDVUV": 118.896025,
    "USDWST": 2.72097,
    "USDXAF": 643.208605,
    "USDXAG": 0.049256,
    "USDXAU": 0.000561,
    "USDXCD": 2.70255,
    "USDXDR": 0.755525,
    "USDXOF": 643.170765,
    "USDXPF": 117.624993,
    "USDYER": 250.250473,
    "USDZAR": 16.60665,
    "USDZMK": 9001.19594,
    "USDZMW": 15.988254,
    "USDZWL": 321.999592
  },
  "source": "USD",
  "success": true,
  "timestamp": 1659962969012
}