{
    "quotes": {
      "USDAED": 3.673103,
      "USDAFN": 89.500441,
      "USDALL": 112.591317,
      "USDAMD": 406.690249,
      "USDANG": 1.802676,
      "USDAOA": 432.641799,
      "USDARS": 131.133435,
      "USDAUD": 1.43557,
      "USDAWG": 1.8,
      "USDAZN": 1.702819,
      "USDBAM": 1.93053,
      "USDBBD": 2.019633,
      "USDBDT": 94.747466,
      "USDBGN": 1.92468,
      "USDBHD": 0.376994,
      "USDBIF": 2040,
      "USDBMD": 1,
      "USDBND": 1.383599,
      "USDBOB": 6.876712,
      "USDBRL": 5.2116,
      "USDBSD": 1.000291,
      "USDBTC": 4.1928111e-05,
      "USDBTN": 79.803382,
      "USDBWP": 12.629787,
      "USDBYN": 2.524676,
      "USDBYR": 19600,
      "USDBZD": 2.016277,
      "USDCAD": 1.284255,
      "USDCDF": 2002.499045,
      "USDCHF": 0.95756,
      "USDCLF": 0.032977,
      "USDCLP": 909.980182,
      "USDCNY": 6.7473,
      "USDCOP": 4369.81,
      "USDCRC": 668.963237,
      "USDCUC": 1,
      "USDCUP": 26.5,
      "USDCVE": 109.049648,
      "USDCZK": 24.222697,
      "USDDJF": 178.07631,
      "USDDKK": 7.33422,
      "USDDOP": 54.469718,
      "USDDZD": 145.699647,
      "USDEGP": 18.961599,
      "USDERN": 15,
      "USDETB": 51.909719,
      "USDEUR": 0.985345,
      "USDFJD": 2.19355,
      "USDFKP": 0.842337,
      "USDGBP": 0.82543,
      "USDGEL": 2.790132,
      "USDGGP": 0.842337,
      "USDGHS": 7.949687,
      "USDGIP": 0.842337,
      "USDGMD": 53.920009,
      "USDGNF": 8814.999956,
      "USDGTQ": 7.737007,
      "USDGYD": 209.267549,
      "USDHKD": 7.849915,
      "USDHNL": 24.550242,
      "USDHRK": 7.409798,
      "USDHTG": 121.031877,
      "USDHUF": 397.885988,
      "USDIDR": 14889.55,
      "USDILS": 3.417705,
      "USDIMP": 0.842337,
      "USDINR": 79.659497,
      "USDIQD": 1460,
      "USDIRR": 42300.000267,
      "USDISK": 136.470529,
      "USDJEP": 0.842337,
      "USDJMD": 153.490507,
      "USDJOD": 0.708957,
      "USDJPY": 134.528501,
      "USDKES": 118.880136,
      "USDKGS": 83.070499,
      "USDKHR": 4108.000142,
      "USDKMF": 485.040301,
      "USDKPW": 899.999992,
      "USDKRW": 1300.889633,
      "USDKWD": 0.3071,
      "USDKYD": 0.833477,
      "USDKZT": 479.859445,
      "USDLAK": 14875.000441,
      "USDLBP": 1516.999917,
      "USDLKR": 365.090216,
      "USDLRD": 152.499581,
      "USDLSL": 16.564989,
      "USDLTL": 2.95274,
      "USDLVL": 0.60489,
      "USDLYD": 4.810211,
      "USDMAD": 10.047497,
      "USDMDL": 19.304722,
      "USDMGA": 4064.501203,
      "USDMKD": 60.841101,
      "USDMMK": 1851.956925,
      "USDMNT": 3144.659992,
      "USDMOP": 8.087116,
      "USDMRO": 356.999828,
      "USDMUR": 45.553776,
      "USDMVR": 15.419904,
      "USDMWK": 1019.49771,
      "USDMXN": 20.37625,
      "USDMYR": 4.452022,
      "USDMZN": 63.830299,
      "USDNAD": 15.839671,
      "USDNGN": 415.460077,
      "USDNIO": 35.859866,
      "USDNOK": 9.78596,
      "USDNPR": 127.68675,
      "USDNZD": 1.59521,
      "USDOMR": 0.385059,
      "USDPAB": 1.000192,
      "USDPEN": 3.774976,
      "USDPGK": 3.519739,
      "USDPHP": 55.837976,
      "USDPKR": 207.098647,
      "USDPLN": 4.68498,
      "USDPYG": 6909.675955,
      "USDQAR": 3.641027,
      "USDRON": 4.861602,
      "USDRSD": 115.639518,
      "USDRUB": 61.624982,
      "USDRWF": 1023.5,
      "USDSAR": 3.756038,
      "USDSBD": 8.159969,
      "USDSCR": 12.821157,
      "USDSDG": 456.502276,
      "USDSEK": 10.262803,
      "USDSGD": 1.381795,
      "USDSHP": 1.377394,
      "USDSLL": 13915.050188,
      "USDSOS": 583.000357,
      "USDSRD": 24.197498,
      "USDSTD": 20697.981008,
      "USDSVC": 8.751314,
      "USDSYP": 2512.529433,
      "USDSZL": 15.840189,
      "USDTHB": 36.488018,
      "USDTJS": 10.182405,
      "USDTMT": 3.51,
      "USDTND": 3.16585,
      "USDTOP": 2.33685,
      "USDTRY": 17.900503,
      "USDTTD": 6.793768,
      "USDTWD": 29.958991,
      "USDTZS": 2332.611042,
      "USDUAH": 36.889214,
      "USDUGX": 3878.472616,
      "USDUSD": 1.000268,
      "USDUYU": 41.694551,
      "USDUZS": 10834.999858,
      "USDVND": 23363,
      "USDVUV": 118.896025,
      "USDWST": 2.72097,
      "USDXAF": 647.423952,
      "USDXAG": 0.050492,
      "USDXAU": 0.000571,
      "USDXCD": 2.70255,
      "USDXDR": 0.759532,
      "USDXOF": 645.544501,
      "USDXPF": 117.437498,
      "USDYER": 250.25025,
      "USDZAR": 16.57215,
      "USDZMK": 9001.197237,
      "USDZMW": 16.329304,
      "USDZWL": 321.999592
    },
    "source": "USD",
    "success": true,
    "timestamp": 1659025514200
  }