{
  "quotes": {
    "USDAED": 3.67299,
    "USDAFN": 90.692241,
    "USDALL": 115.078545,
    "USDAMD": 406.807171,
    "USDANG": 1.806306,
    "USDAOA": 431.5918,
    "USDARS": 132.425355,
    "USDAUD": 1.43315,
    "USDAWG": 1.795,
    "USDAZN": 1.697939,
    "USDBAM": 1.92395,
    "USDBBD": 2.02349,
    "USDBDT": 94.93601,
    "USDBGN": 1.91952,
    "USDBHD": 0.376968,
    "USDBIF": 2065.465241,
    "USDBMD": 1,
    "USDBND": 1.383869,
    "USDBOB": 6.890327,
    "USDBRL": 5.2843,
    "USDBSD": 1.002154,
    "USDBTC": 4.3732356e-05,
    "USDBTN": 79.292825,
    "USDBWP": 12.638729,
    "USDBYN": 2.529621,
    "USDBYR": 19600,
    "USDBZD": 2.019073,
    "USDCAD": 1.28333,
    "USDCDF": 2000.999877,
    "USDCHF": 0.959135,
    "USDCLF": 0.033038,
    "USDCLP": 911.620245,
    "USDCNY": 6.755704,
    "USDCOP": 4313.07,
    "USDCRC": 669.735645,
    "USDCUC": 1,
    "USDCUP": 26.5,
    "USDCVE": 108.46609,
    "USDCZK": 24.193197,
    "USDDJF": 178.416502,
    "USDDKK": 7.3046,
    "USDDOP": 54.603221,
    "USDDZD": 145.029037,
    "USDEGP": 19.136103,
    "USDERN": 15,
    "USDETB": 52.754556,
    "USDEUR": 0.981375,
    "USDFJD": 2.189205,
    "USDFKP": 0.842337,
    "USDGBP": 0.82116,
    "USDGEL": 2.735022,
    "USDGGP": 0.842337,
    "USDGHS": 8.669123,
    "USDGIP": 0.842337,
    "USDGMD": 54.774949,
    "USDGNF": 8667.433923,
    "USDGTQ": 7.752207,
    "USDGYD": 209.790623,
    "USDHKD": 7.849775,
    "USDHNL": 24.65806,
    "USDHRK": 7.3758,
    "USDHTG": 119.767648,
    "USDHUF": 388.750495,
    "USDIDR": 14924.9,
    "USDILS": 3.353425,
    "USDIMP": 0.842337,
    "USDINR": 79.506097,
    "USDIQD": 1462.77187,
    "USDIRR": 42350.000089,
    "USDISK": 136.509789,
    "USDJEP": 0.842337,
    "USDJMD": 153.330186,
    "USDJOD": 0.709041,
    "USDJPY": 134.115495,
    "USDKES": 119.201197,
    "USDKGS": 83.137501,
    "USDKHR": 4110.136145,
    "USDKMF": 485.501751,
    "USDKPW": 899.999992,
    "USDKRW": 1309.389864,
    "USDKWD": 0.30678,
    "USDKYD": 0.835161,
    "USDKZT": 475.914103,
    "USDLAK": 15238.741663,
    "USDLBP": 1515.549457,
    "USDLKR": 357.774335,
    "USDLRD": 153.549773,
    "USDLSL": 16.798401,
    "USDLTL": 2.95274,
    "USDLVL": 0.60489,
    "USDLYD": 4.861943,
    "USDMAD": 10.312718,
    "USDMDL": 19.342796,
    "USDMGA": 4216.605184,
    "USDMKD": 60.610681,
    "USDMMK": 1855.552375,
    "USDMNT": 3144.659992,
    "USDMOP": 8.103426,
    "USDMRO": 356.999828,
    "USDMUR": 45.544836,
    "USDMVR": 15.350319,
    "USDMWK": 1028.712803,
    "USDMXN": 20.42419,
    "USDMYR": 4.458018,
    "USDMZN": 63.829546,
    "USDNAD": 16.809739,
    "USDNGN": 416.689909,
    "USDNIO": 35.985087,
    "USDNOK": 9.715615,
    "USDNPR": 126.862904,
    "USDNZD": 1.58518,
    "USDOMR": 0.384504,
    "USDPAB": 1.002194,
    "USDPEN": 3.938637,
    "USDPGK": 3.531292,
    "USDPHP": 55.675501,
    "USDPKR": 228.261964,
    "USDPLN": 4.63305,
    "USDPYG": 6878.547329,
    "USDQAR": 3.640974,
    "USDRON": 4.834103,
    "USDRSD": 115.210315,
    "USDRUB": 60.174986,
    "USDRWF": 1045.28777,
    "USDSAR": 3.757773,
    "USDSBD": 8.244163,
    "USDSCR": 12.794342,
    "USDSDG": 569.999828,
    "USDSEK": 10.17972,
    "USDSGD": 1.379285,
    "USDSHP": 1.377403,
    "USDSLL": 13844.99994,
    "USDSOS": 581.000122,
    "USDSRD": 24.572502,
    "USDSTD": 20697.981008,
    "USDSVC": 8.769686,
    "USDSYP": 2512.529433,
    "USDSZL": 16.786484,
    "USDTHB": 36.049584,
    "USDTJS": 10.267862,
    "USDTMT": 3.5,
    "USDTND": 3.168496,
    "USDTOP": 2.340103,
    "USDTRY": 17.9656,
    "USDTTD": 6.802286,
    "USDTWD": 30.013501,
    "USDTZS": 2332.000191,
    "USDUAH": 36.834096,
    "USDUGX": 3889.099288,
    "USDUSD": 1.000268,
    "USDUYU": 40.769832,
    "USDUZS": 10966.957514,
    "USDVND": 23398,
    "USDVUV": 118.896025,
    "USDWST": 2.72097,
    "USDXAF": 645.239571,
    "USDXAG": 0.049405,
    "USDXAU": 0.000562,
    "USDXCD": 2.70255,
    "USDXDR": 0.756874,
    "USDXOF": 645.239571,
    "USDXPF": 117.949853,
    "USDYER": 250.250049,
    "USDZAR": 16.7817,
    "USDZMK": 9001.201088,
    "USDZMW": 16.069997,
    "USDZWL": 321.999592
  },
  "source": "USD",
  "success": true,
  "timestamp": 1659607032589
}